wx,time,pitch,wz,az,ay,yaw,ax,roll,wy
-5.0,1.03,4909.0,1.0,327.0,380.0,32039.0,-17.0,328.0,-5.0
-5.0,1.03,4909.0,1.0,327.0,380.0,32039.0,-17.0,328.0,-5.0
-3.0,1.05,4908.0,-4.0,325.0,379.0,32040.0,-20.0,329.0,4.0
1.0,1.08,4908.0,-8.0,325.0,378.0,32043.0,-16.0,332.0,8.0
8.0,1.1,4909.0,-2.0,325.0,379.0,32044.0,-16.0,335.0,7.0
11.0,1.11,4911.0,4.0,326.0,379.0,32044.0,-16.0,335.0,3.0
11.0,1.12,4912.0,7.0,325.0,378.0,32043.0,-16.0,334.0,-1.0
7.0,1.13,4913.0,5.0,324.0,377.0,32042.0,-17.0,333.0,-3.0
2.0,1.14,4913.0,4.0,327.0,377.0,32042.0,-20.0,332.0,0.0
1.0,1.15,4913.0,3.0,328.0,377.0,32041.0,-18.0,333.0,6.0
1.0,1.16,4913.0,-1.0,326.0,376.0,32041.0,-13.0,333.0,1.0
-1.0,1.17,4913.0,-5.0,326.0,375.0,32042.0,-15.0,333.0,-1.0
0.0,1.18,4913.0,-4.0,325.0,374.0,32043.0,-18.0,334.0,9.0
2.0,1.19,4914.0,-2.0,324.0,376.0,32043.0,-14.0,336.0,20.0
4.0,1.2,4914.0,2.0,324.0,376.0,32043.0,-11.0,338.0,18.0
4.0,1.21,4915.0,5.0,323.0,378.0,32042.0,-12.0,338.0,6.0
4.0,1.22,4915.0,10.0,322.0,379.0,32041.0,-17.0,337.0,2.0
2.0,1.23,4915.0,15.0,322.0,381.0,32038.0,-24.0,337.0,22.0
-3.0,1.24,4915.0,21.0,323.0,382.0,32035.0,-21.0,339.0,42.0
-5.0,1.25,4915.0,18.0,325.0,382.0,32032.0,-13.0,340.0,35.0
-6.0,1.26,4914.0,7.0,325.0,383.0,32031.0,-10.0,341.0,12.0
-9.0,1.27,4913.0,-4.0,324.0,384.0,32031.0,-13.0,340.0,-12.0
-10.0,1.28,4912.0,-9.0,325.0,385.0,32033.0,-16.0,339.0,-19.0
-12.0,1.29,4911.0,-6.0,325.0,384.0,32034.0,-18.0,338.0,-15.0
-13.0,1.3,4910.0,0.0,324.0,383.0,32033.0,-18.0,337.0,-10.0
-14.0,1.31,4909.0,7.0,324.0,383.0,32032.0,-17.0,335.0,-10.0
-12.0,1.32,4907.0,11.0,326.0,382.0,32030.0,-22.0,333.0,-8.0
-24.0,1.34,4904.0,12.0,324.0,381.0,32026.0,-22.0,334.0,27.0
-29.0,1.36,4898.0,4.0,330.0,375.0,32024.0,-17.0,338.0,31.0
-29.0,1.36,4898.0,4.0,330.0,375.0,32024.0,-17.0,338.0,31.0
-31.0,1.37,4895.0,-5.0,329.0,374.0,32024.0,-16.0,340.0,21.0
-33.0,1.38,4892.0,-9.0,329.0,372.0,32025.0,-20.0,343.0,15.0
-34.0,1.39,4888.0,-7.0,328.0,373.0,32026.0,-17.0,345.0,19.0
-29.0,1.4,4885.0,-5.0,327.0,371.0,32027.0,-15.0,347.0,18.0
-22.0,1.41,4883.0,-5.0,328.0,370.0,32027.0,-12.0,349.0,10.0
-1.0,1.43,4882.0,-2.0,330.0,373.0,32029.0,-22.0,351.0,12.0
7.0,1.44,4883.0,2.0,330.0,373.0,32028.0,-18.0,353.0,28.0
13.0,1.45,4884.0,3.0,330.0,371.0,32028.0,-13.0,355.0,23.0
17.0,1.47,4887.0,1.0,329.0,373.0,32028.0,-18.0,357.0,10.0
17.0,1.48,4889.0,4.0,327.0,375.0,32028.0,-21.0,358.0,14.0
16.0,1.49,4891.0,7.0,324.0,376.0,32027.0,-17.0,359.0,14.0
17.0,1.5,4892.0,6.0,323.0,377.0,32026.0,-12.0,358.0,0.0
18.0,1.51,4894.0,2.0,326.0,379.0,32026.0,-17.0,357.0,-12.0
16.0,1.52,4896.0,-1.0,325.0,381.0,32026.0,-21.0,356.0,-7.0
12.0,1.53,4897.0,1.0,324.0,382.0,32026.0,-23.0,357.0,5.0
2.0,1.55,4898.0,0.0,328.0,380.0,32026.0,-14.0,358.0,7.0
-1.0,1.56,4898.0,1.0,326.0,380.0,32025.0,-20.0,358.0,-3.0
-5.0,1.57,4897.0,5.0,326.0,381.0,32025.0,-26.0,358.0,5.0
-10.0,1.58,4896.0,10.0,327.0,381.0,32023.0,-24.0,359.0,20.0
-11.0,1.6,4894.0,2.0,329.0,377.0,32021.0,-19.0,361.0,14.0
-15.0,1.61,4893.0,-4.0,329.0,375.0,32022.0,-18.0,362.0,6.0
-18.0,1.62,4891.0,-8.0,328.0,375.0,32023.0,-17.0,363.0,-2.0
-19.0,1.63,4889.0,-10.0,327.0,373.0,32024.0,-15.0,362.0,-10.0
-14.0,1.65,4886.0,-3.0,323.0,374.0,32025.0,-15.0,359.0,-23.0
-6.0,1.66,4886.0,-2.0,326.0,375.0,32025.0,-19.0,358.0,-14.0
2.0,1.67,4886.0,4.0,325.0,377.0,32025.0,-18.0,358.0,5.0
10.0,1.69,4888.0,8.0,326.0,376.0,32023.0,-16.0,359.0,16.0
10.0,1.69,4888.0,8.0,326.0,376.0,32023.0,-16.0,359.0,16.0
8.0,1.71,4890.0,6.0,329.0,375.0,32020.0,-18.0,359.0,3.0
6.0,1.72,4890.0,4.0,328.0,376.0,32020.0,-19.0,358.0,-2.0
2.0,1.73,4891.0,1.0,328.0,377.0,32020.0,-19.0,357.0,-8.0
-3.0,1.74,4890.0,-2.0,327.0,378.0,32020.0,-20.0,356.0,-14.0
-12.0,1.76,4888.0,-1.0,327.0,379.0,32020.0,-21.0,354.0,-8.0
-13.0,1.77,4887.0,-4.0,328.0,377.0,32021.0,-18.0,353.0,-12.0
-11.0,1.78,4886.0,-6.0,329.0,375.0,32022.0,-22.0,352.0,-11.0
-14.0,1.79,4884.0,-3.0,326.0,377.0,32022.0,-21.0,353.0,3.0
-11.0,1.8,4883.0,2.0,327.0,376.0,32021.0,-19.0,353.0,10.0
-6.0,1.81,4883.0,5.0,328.0,374.0,32021.0,-18.0,354.0,10.0
3.0,1.83,4883.0,4.0,327.0,374.0,32019.0,-18.0,355.0,11.0
4.0,1.84,4883.0,6.0,329.0,376.0,32018.0,-19.0,355.0,14.0
7.0,1.85,4884.0,7.0,330.0,375.0,32018.0,-18.0,356.0,11.0
5.0,1.86,4884.0,1.0,326.0,374.0,32017.0,-15.0,356.0,4.0
-2.0,1.88,4884.0,-7.0,327.0,374.0,32019.0,-18.0,356.0,-13.0
3.0,1.89,4884.0,-7.0,329.0,375.0,32020.0,-19.0,355.0,-13.0
6.0,1.9,4885.0,-5.0,327.0,375.0,32021.0,-16.0,354.0,-13.0
8.0,1.91,4885.0,-2.0,326.0,377.0,32022.0,-17.0,353.0,-17.0
9.0,1.92,4886.0,2.0,329.0,379.0,32021.0,-21.0,352.0,-4.0
11.0,1.94,4889.0,8.0,329.0,379.0,32020.0,-20.0,354.0,19.0
9.0,1.95,4890.0,7.0,330.0,378.0,32019.0,-18.0,355.0,12.0
5.0,1.96,4890.0,2.0,328.0,376.0,32018.0,-17.0,355.0,2.0
-1.0,1.97,4890.0,-4.0,326.0,376.0,32019.0,-16.0,354.0,-12.0
-9.0,1.98,4889.0,-9.0,325.0,377.0,32020.0,-21.0,353.0,-15.0
-14.0,1.99,4888.0,-6.0,324.0,381.0,32021.0,-31.0,354.0,6.0
-13.0,2.01,4885.0,11.0,326.0,381.0,32018.0,-14.0,361.0,49.0
-6.0,2.02,4885.0,8.0,325.0,377.0,32017.0,-7.0,363.0,32.0
-4.0,2.03,4884.0,5.0,327.0,375.0,32016.0,-11.0,363.0,5.0
-6.0,2.05,4884.0,5.0,328.0,376.0,32015.0,-20.0,360.0,-12.0
-9.0,2.06,4883.0,3.0,329.0,375.0,32014.0,-24.0,359.0,-8.0
-10.0,2.07,4882.0,0.0,331.0,375.0,32014.0,-25.0,359.0,3.0
-11.0,2.08,4881.0,-3.0,329.0,375.0,32014.0,-20.0,360.0,11.0
-15.0,2.09,4879.0,-6.0,328.0,375.0,32015.0,-19.0,362.0,14.0
-9.0,2.11,4877.0,-5.0,327.0,374.0,32017.0,-15.0,365.0,7.0
-7.0,2.12,4876.0,-2.0,326.0,374.0,32017.0,-12.0,365.0,-2.0
-2.0,2.13,4876.0,0.0,326.0,374.0,32017.0,-15.0,364.0,-6.0
-2.0,2.13,4876.0,0.0,326.0,374.0,32017.0,-15.0,364.0,-6.0
9.0,2.15,4878.0,7.0,326.0,377.0,32015.0,-22.0,363.0,6.0
9.0,2.16,4879.0,9.0,327.0,377.0,32014.0,-21.0,363.0,11.0
6.0,2.17,4879.0,8.0,327.0,377.0,32013.0,-20.0,363.0,11.0
-4.0,2.19,4879.0,0.0,328.0,376.0,32012.0,-20.0,364.0,7.0
-11.0,2.2,4878.0,-3.0,328.0,375.0,32012.0,-18.0,364.0,-2.0
-13.0,2.21,4877.0,-5.0,328.0,375.0,32013.0,-20.0,364.0,-5.0
-3.0,2.23,4875.0,-1.0,328.0,375.0,32013.0,-19.0,364.0,-3.0
0.0,2.24,4875.0,3.0,329.0,375.0,32013.0,-18.0,363.0,-5.0
7.0,2.25,4876.0,5.0,331.0,376.0,32012.0,-21.0,362.0,-1.0
10.0,2.26,4877.0,6.0,329.0,376.0,32012.0,-20.0,362.0,7.0
1.0,2.28,4878.0,4.0,326.0,377.0,32010.0,-19.0,363.0,8.0
-5.0,2.29,4877.0,2.0,326.0,378.0,32010.0,-21.0,363.0,8.0
-10.0,2.3,4876.0,3.0,325.0,378.0,32009.0,-23.0,364.0,14.0
-13.0,2.31,4875.0,3.0,327.0,377.0,32008.0,-23.0,366.0,22.0
-12.0,2.32,4874.0,5.0,327.0,377.0,32008.0,-19.0,367.0,25.0
-11.0,2.33,4873.0,-1.0,327.0,374.0,32008.0,-14.0,369.0,17.0
-8.0,2.34,4872.0,-3.0,326.0,373.0,32008.0,-12.0,370.0,4.0
-8.0,2.34,4872.0,-3.0,326.0,373.0,32008.0,-12.0,370.0,4.0
-1.0,2.37,4871.0,1.0,326.0,376.0,32009.0,-15.0,368.0,-11.0
-1.0,2.37,4871.0,1.0,326.0,376.0,32009.0,-15.0,368.0,-11.0
0.0,2.39,4872.0,5.0,328.0,377.0,32007.0,-23.0,363.0,-19.0
1.0,2.4,4872.0,5.0,329.0,376.0,32006.0,-26.0,361.0,-11.0
-9.0,2.42,4871.0,5.0,330.0,377.0,32005.0,-25.0,362.0,17.0
-9.0,2.43,4870.0,3.0,330.0,376.0,32004.0,-20.0,364.0,20.0
-9.0,2.44,4869.0,1.0,331.0,375.0,32004.0,-20.0,365.0,18.0
-7.0,2.46,4867.0,2.0,331.0,373.0,32003.0,-19.0,370.0,29.0
-9.0,2.47,4867.0,1.0,329.0,374.0,32003.0,-19.0,372.0,23.0
-10.0,2.48,4866.0,1.0,330.0,375.0,32003.0,-20.0,373.0,13.0
-8.0,2.49,4865.0,0.0,329.0,375.0,32003.0,-20.0,374.0,4.0
-6.0,2.5,4864.0,-1.0,328.0,374.0,32003.0,-21.0,374.0,2.0
-6.0,2.5,4864.0,-1.0,328.0,374.0,32003.0,-21.0,374.0,2.0
-8.0,2.51,4863.0,-1.0,330.0,373.0,32003.0,-19.0,374.0,1.0
1.0,2.53,4863.0,-2.0,329.0,372.0,32003.0,-15.0,373.0,-8.0
3.0,2.54,4863.0,-2.0,326.0,374.0,32004.0,-16.0,373.0,-8.0
5.0,2.56,4864.0,3.0,327.0,376.0,32003.0,-22.0,372.0,7.0
7.0,2.57,4865.0,6.0,329.0,376.0,32002.0,-19.0,373.0,11.0
4.0,2.59,4866.0,2.0,329.0,373.0,32001.0,-20.0,372.0,1.0
2.0,2.6,4866.0,-2.0,329.0,373.0,32002.0,-20.0,372.0,-5.0
0.0,2.61,4866.0,-6.0,330.0,374.0,32003.0,-22.0,373.0,-1.0
2.0,2.62,4866.0,-4.0,327.0,374.0,32003.0,-20.0,374.0,10.0
4.0,2.63,4866.0,-2.0,328.0,374.0,32004.0,-15.0,375.0,6.0
11.0,2.66,4870.0,3.0,329.0,377.0,32003.0,-21.0,373.0,-7.0
13.0,2.67,4871.0,4.0,330.0,376.0,32003.0,-21.0,372.0,-9.0
6.0,2.69,4873.0,0.0,329.0,376.0,32003.0,-23.0,368.0,-22.0
3.0,2.7,4873.0,-1.0,331.0,375.0,32003.0,-23.0,366.0,-19.0
3.0,2.7,4873.0,-1.0,331.0,375.0,32003.0,-23.0,366.0,-19.0
1.0,2.71,4873.0,-3.0,329.0,376.0,32003.0,-22.0,365.0,-9.0
-2.0,2.72,4873.0,-1.0,325.0,377.0,32003.0,-22.0,366.0,3.0
0.0,2.74,4873.0,2.0,327.0,378.0,32003.0,-20.0,368.0,13.0
2.0,2.75,4873.0,3.0,328.0,377.0,32003.0,-18.0,369.0,15.0
3.0,2.76,4873.0,4.0,330.0,377.0,32002.0,-20.0,370.0,14.0
-4.0,2.78,4873.0,6.0,326.0,377.0,32000.0,-19.0,371.0,10.0
-6.0,2.79,4872.0,7.0,327.0,378.0,31999.0,-20.0,371.0,9.0
-7.0,2.8,4872.0,5.0,329.0,376.0,31998.0,-19.0,370.0,4.0
-9.0,2.82,4871.0,0.0,330.0,373.0,31998.0,-21.0,371.0,10.0
-7.0,2.83,4870.0,0.0,330.0,373.0,31997.0,-20.0,373.0,17.0
-4.0,2.84,4870.0,1.0,328.0,373.0,31997.0,-16.0,374.0,14.0
0.0,2.86,4869.0,-1.0,325.0,373.0,31998.0,-14.0,373.0,-12.0
1.0,2.87,4870.0,0.0,326.0,375.0,31997.0,-20.0,371.0,-11.0
5.0,2.88,4870.0,6.0,330.0,376.0,31997.0,-25.0,370.0,-2.0
6.0,2.9,4872.0,9.0,328.0,376.0,31994.0,-21.0,371.0,20.0
7.0,2.91,4872.0,5.0,330.0,375.0,31993.0,-18.0,372.0,15.0
5.0,2.93,4873.0,-1.0,329.0,375.0,31993.0,-21.0,373.0,3.0
-3.0,2.94,4873.0,-3.0,327.0,375.0,31994.0,-18.0,373.0,0.0
-6.0,2.95,4872.0,-3.0,328.0,377.0,31994.0,-20.0,373.0,-9.0
-5.0,2.96,4872.0,-1.0,331.0,378.0,31994.0,-23.0,372.0,-5.0
-5.0,2.96,4872.0,-1.0,331.0,378.0,31994.0,-23.0,372.0,-5.0
0.0,2.99,4871.0,5.0,329.0,374.0,31992.0,-18.0,374.0,14.0
0.0,2.99,4871.0,5.0,329.0,374.0,31992.0,-18.0,374.0,14.0
0.0,3.0,4871.0,0.0,325.0,374.0,31992.0,-16.0,375.0,10.0
-2.0,3.01,4871.0,-1.0,324.0,374.0,31992.0,-16.0,375.0,2.0
-1.0,3.03,4871.0,-3.0,326.0,374.0,31993.0,-19.0,375.0,-3.0
-2.0,3.04,4871.0,-1.0,327.0,376.0,31993.0,-20.0,374.0,-9.0
-2.0,3.05,4871.0,0.0,327.0,378.0,31993.0,-23.0,373.0,-10.0
0.0,3.07,4871.0,4.0,329.0,377.0,31992.0,-20.0,371.0,-4.0
0.0,3.08,4871.0,3.0,331.0,378.0,31991.0,-22.0,370.0,-4.0
-1.0,3.09,4871.0,4.0,329.0,378.0,31991.0,-25.0,370.0,2.0
-7.0,3.1,4870.0,4.0,330.0,377.0,31990.0,-26.0,371.0,13.0
-10.0,3.11,4869.0,5.0,333.0,375.0,31989.0,-23.0,372.0,13.0
-15.0,3.13,4866.0,-1.0,328.0,373.0,31989.0,-16.0,372.0,-1.0
-19.0,3.14,4865.0,-4.0,327.0,373.0,31989.0,-16.0,371.0,-8.0
-16.0,3.15,4863.0,-3.0,328.0,373.0,31990.0,-21.0,371.0,-6.0
-12.0,3.16,4862.0,0.0,330.0,375.0,31990.0,-21.0,371.0,-3.0
-6.0,3.17,4861.0,2.0,328.0,374.0,31989.0,-21.0,371.0,8.0
-1.0,3.19,4861.0,-1.0,327.0,374.0,31989.0,-14.0,374.0,12.0
-2.0,3.2,4861.0,-1.0,325.0,373.0,31990.0,-14.0,375.0,10.0
-3.0,3.21,4860.0,2.0,326.0,374.0,31989.0,-14.0,375.0,4.0
2.0,3.23,4860.0,5.0,329.0,374.0,31988.0,-18.0,373.0,-5.0
2.0,3.23,4860.0,5.0,329.0,374.0,31988.0,-18.0,373.0,-5.0
6.0,3.24,4861.0,7.0,330.0,375.0,31987.0,-18.0,370.0,-19.0
4.0,3.26,4862.0,3.0,330.0,378.0,31986.0,-26.0,365.0,-19.0
0.0,3.27,4862.0,4.0,331.0,378.0,31985.0,-25.0,364.0,-13.0
-8.0,3.29,4861.0,0.0,333.0,375.0,31985.0,-25.0,360.0,-16.0
-11.0,3.3,4860.0,4.0,332.0,377.0,31984.0,-28.0,359.0,-6.0
-5.0,3.32,4859.0,18.0,332.0,374.0,31980.0,-20.0,355.0,-9.0
0.0,3.33,4859.0,20.0,329.0,374.0,31977.0,-20.0,352.0,-11.0
3.0,3.34,4859.0,29.0,328.0,375.0,31972.0,-21.0,348.0,-8.0
11.0,3.35,4861.0,45.0,327.0,375.0,31966.0,-24.0,342.0,-2.0
56.0,3.37,4870.0,125.0,327.0,378.0,31936.0,35.0,308.0,-113.0
122.0,3.38,4883.0,194.0,316.0,385.0,31908.0,155.0,250.0,-375.0
302.0,3.4,4935.0,341.0,279.0,309.0,31818.0,242.0,-26.0,-1284.0
302.0,3.4,4935.0,341.0,279.0,309.0,31818.0,242.0,-26.0,-1284.0
303.0,3.43,5054.0,-442.0,152.0,-54.0,31804.0,235.0,-447.0,-677.0
303.0,3.43,5054.0,-442.0,152.0,-54.0,31804.0,235.0,-447.0,-677.0
131.0,3.44,5072.0,-787.0,118.0,-32.0,31927.0,242.0,-350.0,25.0
72.0,3.45,5084.0,-1002.0,290.0,61.0,32084.0,324.0,-201.0,268.0
400.0,3.47,5145.0,-1486.0,480.0,161.0,32522.0,484.0,183.0,71.0
676.0,3.49,5250.0,-1705.0,578.0,253.0,33074.0,521.0,393.0,-1607.0
676.0,3.49,5250.0,-1705.0,578.0,253.0,33074.0,521.0,393.0,-1607.0
691.0,3.5,5307.0,-1715.0,552.0,290.0,33365.0,480.0,362.0,-2626.0
148.0,3.53,5405.0,-1521.0,478.0,416.0,34184.0,277.0,-126.0,-4136.0
148.0,3.53,5405.0,-1521.0,478.0,416.0,34184.0,277.0,-126.0,-4136.0
-86.0,3.54,5402.0,-1464.0,455.0,448.0,34434.0,229.0,-339.0,-4153.0
-296.0,3.55,5383.0,-1364.0,442.0,478.0,34669.0,204.0,-563.0,-4139.0
-648.0,3.58,5269.0,-931.0,501.0,545.0,35254.0,205.0,-1430.0,-4715.0
-644.0,3.59,5230.0,-820.0,554.0,562.0,35413.0,212.0,-1803.0,-4984.0
-560.0,3.6,5203.0,-761.0,605.0,573.0,35560.0,202.0,-2198.0,-5120.0
-560.0,3.6,5203.0,-761.0,605.0,573.0,35560.0,202.0,-2198.0,-5120.0
-428.0,3.61,5194.0,-752.0,641.0,574.0,35700.0,186.0,-2596.0,-5077.0
-265.0,3.62,5208.0,-788.0,664.0,572.0,35833.0,171.0,-2977.0,-4862.0
-76.0,3.63,5246.0,-857.0,666.0,562.0,35958.0,151.0,-3332.0,-4542.0
367.0,3.65,5393.0,-900.0,648.0,543.0,147.0,125.0,-4013.0,-4066.0
594.0,3.66,5495.0,-875.0,607.0,515.0,191.0,118.0,-4378.0,-4003.0
806.0,3.68,5722.0,-820.0,498.0,475.0,183.0,121.0,-5175.0,-3920.0
806.0,3.68,5722.0,-820.0,498.0,475.0,183.0,121.0,-5175.0,-3920.0
751.0,3.69,5838.0,-893.0,476.0,442.0,169.0,122.0,-5562.0,-3746.0
368.0,3.71,6072.0,-1140.0,418.0,366.0,223.0,129.0,-6172.0,-3117.0
292.0,3.72,6202.0,-1308.0,460.0,367.0,293.0,106.0,-6394.0,-2829.0
359.0,3.73,6343.0,-1397.0,478.0,363.0,351.0,88.0,-6609.0,-2665.0
493.0,3.74,6493.0,-1419.0,473.0,348.0,372.0,71.0,-6853.0,-2631.0
634.0,3.75,6647.0,-1407.0,452.0,329.0,344.0,57.0,-7143.0,-2644.0
672.0,3.78,7101.0,-1374.0,317.0,262.0,33.0,6.0,-8183.0,-2349.0
672.0,3.78,7101.0,-1374.0,317.0,262.0,33.0,6.0,-8183.0,-2349.0
547.0,3.79,7241.0,-1340.0,283.0,252.0,35908.0,-13.0,-8511.0,-2101.0
401.0,3.8,7372.0,-1289.0,264.0,250.0,35797.0,-30.0,-8798.0,-1807.0
264.0,3.81,7494.0,-1222.0,252.0,253.0,35706.0,-40.0,-9036.0,-1496.0
147.0,3.82,7609.0,-1148.0,241.0,259.0,35637.0,-47.0,-9223.0,-1206.0
-155.0,3.85,7887.0,-792.0,214.0,280.0,35638.0,-63.0,-9463.0,-660.0
-248.0,3.86,7954.0,-650.0,216.0,295.0,35744.0,-68.0,-9412.0,-522.0
-327.0,3.87,8007.0,-513.0,219.0,312.0,35911.0,-75.0,-9283.0,-349.0
-399.0,3.88,8046.0,-371.0,221.0,326.0,140.0,-88.0,-9070.0,-133.0
-466.0,3.89,8067.0,-216.0,221.0,341.0,426.0,-99.0,-8776.0,117.0
-536.0,3.9,8068.0,-47.0,219.0,357.0,757.0,-108.0,-8410.0,395.0
-774.0,3.93,7924.0,541.0,223.0,399.0,1795.0,-128.0,-7084.0,1331.0
-774.0,3.93,7924.0,541.0,223.0,399.0,1795.0,-128.0,-7084.0,1331.0
-855.0,3.94,7822.0,756.0,240.0,411.0,2062.0,-134.0,-6653.0,1691.0
-1014.0,3.97,7364.0,1442.0,312.0,444.0,2393.0,-125.0,-5576.0,2957.0
-1040.0,3.98,7168.0,1671.0,342.0,448.0,2349.0,-108.0,-5276.0,3422.0
-1060.0,3.99,6955.0,1888.0,373.0,447.0,2243.0,-79.0,-4989.0,3874.0
-1074.0,4.0,6727.0,2087.0,407.0,444.0,2086.0,-43.0,-4706.0,4289.0
-1072.0,4.02,6247.0,2417.0,490.0,426.0,1651.0,49.0,-4139.0,4947.0
-1043.0,4.03,6005.0,2526.0,542.0,424.0,1388.0,110.0,-3851.0,5191.0
-984.0,4.04,5772.0,2573.0,597.0,427.0,1105.0,174.0,-3556.0,5370.0
-881.0,4.05,5555.0,2571.0,648.0,430.0,808.0,240.0,-3259.0,5446.0
-730.0,4.06,5361.0,2530.0,683.0,427.0,500.0,299.0,-2972.0,5386.0
-730.0,4.06,5361.0,2530.0,683.0,427.0,500.0,299.0,-2972.0,5386.0
-540.0,4.07,5197.0,2466.0,684.0,408.0,184.0,352.0,-2706.0,5177.0
-162.0,4.09,4955.0,2283.0,620.0,344.0,35550.0,424.0,-2275.0,4389.0
-162.0,4.09,4955.0,2283.0,620.0,344.0,35550.0,424.0,-2275.0,4389.0
-17.0,4.1,4873.0,2144.0,584.0,318.0,35247.0,450.0,-2109.0,3945.0
91.0,4.11,4813.0,1969.0,559.0,305.0,34964.0,468.0,-1967.0,3543.0
277.0,4.14,4740.0,1274.0,490.0,272.0,34290.0,476.0,-1560.0,2828.0
286.0,4.15,4741.0,1049.0,445.0,254.0,34130.0,473.0,-1412.0,2659.0
269.0,4.16,4748.0,831.0,410.0,244.0,34001.0,464.0,-1262.0,2447.0
255.0,4.17,4759.0,638.0,390.0,244.0,33901.0,458.0,-1117.0,2187.0
274.0,4.19,4799.0,299.0,375.0,252.0,33776.0,431.0,-853.0,1654.0
290.0,4.2,4825.0,154.0,367.0,259.0,33747.0,416.0,-731.0,1432.0
299.0,4.21,4855.0,27.0,350.0,266.0,33738.0,400.0,-614.0,1242.0
294.0,4.22,4885.0,-86.0,328.0,273.0,33746.0,384.0,-501.0,1063.0
268.0,4.23,4913.0,-182.0,304.0,283.0,33771.0,368.0,-395.0,881.0
232.0,4.24,4938.0,-260.0,287.0,299.0,33808.0,351.0,-297.0,687.0
106.0,4.26,4969.0,-352.0,242.0,329.0,33910.0,321.0,-149.0,243.0
7.0,4.27,4971.0,-380.0,221.0,341.0,33968.0,309.0,-103.0,4.0
-108.0,4.28,4960.0,-405.0,205.0,352.0,34031.0,297.0,-79.0,-234.0
-108.0,4.28,4960.0,-405.0,205.0,352.0,34031.0,297.0,-79.0,-234.0
-234.0,4.29,4938.0,-429.0,189.0,356.0,34098.0,283.0,-76.0,-472.0
-374.0,4.3,4901.0,-451.0,179.0,357.0,34167.0,272.0,-93.0,-704.0
-516.0,4.31,4850.0,-468.0,179.0,360.0,34240.0,262.0,-132.0,-931.0
-790.0,4.33,4710.0,-525.0,208.0,408.0,34398.0,273.0,-270.0,-1399.0
-810.0,4.34,4631.0,-436.0,277.0,369.0,34468.0,154.0,-385.0,-1656.0
-669.0,4.35,4567.0,-319.0,368.0,460.0,34521.0,247.0,-527.0,-1804.0
-414.0,4.36,4531.0,-448.0,391.0,489.0,34591.0,245.0,-662.0,-1845.0
16.0,4.38,4533.0,-640.0,332.0,457.0,34761.0,227.0,-922.0,-1947.0
16.0,4.38,4533.0,-640.0,332.0,457.0,34761.0,227.0,-922.0,-1947.0
108.0,4.4,4581.0,-760.0,279.0,448.0,34962.0,219.0,-1229.0,-2384.0
73.0,4.41,4606.0,-782.0,277.0,450.0,35069.0,216.0,-1421.0,-2689.0
16.0,4.42,4629.0,-817.0,277.0,456.0,35182.0,216.0,-1639.0,-2996.0
-29.0,4.43,4653.0,-873.0,301.0,454.0,35304.0,203.0,-1875.0,-3242.0
-59.0,4.44,4679.0,-944.0,336.0,449.0,35436.0,185.0,-2117.0,-3383.0
3.0,4.46,4761.0,-1120.0,388.0,466.0,35726.0,159.0,-2584.0,-3364.0
99.0,4.47,4822.0,-1159.0,427.0,463.0,35873.0,117.0,-2800.0,-3255.0
210.0,4.48,4897.0,-1163.0,401.0,456.0,11.0,95.0,-3007.0,-3110.0
225.0,4.49,4972.0,-1080.0,370.0,424.0,135.0,53.0,-3211.0,-2978.0
218.0,4.51,5110.0,-875.0,386.0,408.0,334.0,60.0,-3596.0,-2569.0
254.0,4.52,5180.0,-829.0,398.0,406.0,416.0,63.0,-3758.0,-2263.0
254.0,4.52,5180.0,-829.0,398.0,406.0,416.0,63.0,-3758.0,-2263.0
313.0,4.53,5254.0,-803.0,402.0,403.0,488.0,67.0,-3896.0,-1945.0
461.0,4.55,5415.0,-731.0,403.0,401.0,589.0,83.0,-4131.0,-1486.0
539.0,4.56,5502.0,-695.0,397.0,396.0,616.0,95.0,-4246.0,-1369.0
670.0,4.58,5686.0,-658.0,370.0,374.0,629.0,106.0,-4487.0,-1231.0
715.0,4.59,5784.0,-667.0,353.0,363.0,621.0,107.0,-4610.0,-1160.0
747.0,4.6,5884.0,-680.0,336.0,356.0,607.0,104.0,-4730.0,-1075.0
755.0,4.61,5986.0,-689.0,320.0,353.0,587.0,99.0,-4844.0,-978.0
744.0,4.62,6087.0,-688.0,307.0,355.0,565.0,95.0,-4950.0,-867.0
744.0,4.62,6087.0,-688.0,307.0,355.0,565.0,95.0,-4950.0,-867.0
665.0,4.64,6277.0,-656.0,276.0,357.0,521.0,82.0,-5126.0,-620.0
609.0,4.65,6364.0,-625.0,262.0,358.0,501.0,77.0,-5193.0,-496.0
548.0,4.66,6445.0,-591.0,251.0,359.0,485.0,73.0,-5245.0,-371.0
490.0,4.67,6518.0,-551.0,238.0,359.0,472.0,67.0,-5282.0,-252.0
357.0,4.69,6641.0,-444.0,218.0,363.0,459.0,57.0,-5312.0,-40.0
284.0,4.7,6688.0,-377.0,211.0,366.0,458.0,52.0,-5306.0,65.0
204.0,4.71,6724.0,-299.0,208.0,371.0,463.0,47.0,-5284.0,182.0
47.0,4.73,6762.0,-129.0,208.0,378.0,483.0,37.0,-5187.0,465.0
47.0,4.73,6762.0,-129.0,208.0,378.0,483.0,37.0,-5187.0,465.0
-87.0,4.75,6751.0,76.0,214.0,381.0,497.0,35.0,-5033.0,781.0
-145.0,4.76,6728.0,184.0,219.0,385.0,495.0,39.0,-4941.0,939.0
-193.0,4.77,6694.0,290.0,227.0,388.0,484.0,43.0,-4843.0,1094.0
-271.0,4.79,6592.0,510.0,243.0,391.0,422.0,59.0,-4638.0,1374.0
-304.0,4.8,6527.0,612.0,253.0,392.0,372.0,73.0,-4533.0,1505.0
-330.0,4.81,6455.0,701.0,263.0,391.0,310.0,88.0,-4427.0,1629.0
-352.0,4.82,6376.0,775.0,274.0,390.0,237.0,103.0,-4317.0,1749.0
-367.0,4.84,6207.0,883.0,296.0,389.0,65.0,136.0,-4085.0,1977.0
-369.0,4.85,6119.0,915.0,304.0,387.0,35968.0,152.0,-3965.0,2056.0
-365.0,4.86,6032.0,940.0,308.0,387.0,35865.0,173.0,-3844.0,2100.0
-366.0,4.87,5945.0,950.0,311.0,387.0,35761.0,191.0,-3724.0,2103.0
-372.0,4.89,5774.0,932.0,315.0,383.0,35553.0,223.0,-3491.0,2029.0
-372.0,4.89,5774.0,932.0,315.0,383.0,35553.0,223.0,-3491.0,2029.0
-380.0,4.9,5692.0,903.0,314.0,381.0,35454.0,235.0,-3377.0,1971.0
-385.0,4.91,5612.0,861.0,316.0,380.0,35362.0,245.0,-3263.0,1912.0
-390.0,4.92,5536.0,808.0,319.0,379.0,35277.0,255.0,-3147.0,1857.0
-400.0,4.94,5396.0,677.0,315.0,379.0,35134.0,270.0,-2911.0,1732.0
-406.0,4.95,5331.0,609.0,312.0,380.0,35077.0,274.0,-2792.0,1649.0
-415.0,4.96,5269.0,546.0,307.0,379.0,35028.0,274.0,-2676.0,1552.0
-423.0,4.97,5210.0,484.0,303.0,380.0,34987.0,276.0,-2563.0,1447.0
-433.0,4.98,5152.0,425.0,300.0,382.0,34955.0,276.0,-2455.0,1338.0
-447.0,5.0,5044.0,306.0,290.0,385.0,34913.0,271.0,-2252.0,1130.0
-457.0,5.01,4993.0,250.0,285.0,386.0,34903.0,267.0,-2156.0,1032.0
-468.0,5.02,4942.0,196.0,281.0,388.0,34901.0,262.0,-2064.0,938.0
-481.0,5.03,4892.0,149.0,277.0,391.0,34905.0,256.0,-1976.0,845.0
-504.0,5.05,4791.0,79.0,270.0,394.0,34927.0,241.0,-1820.0,647.0
-511.0,5.06,4740.0,57.0,266.0,395.0,34942.0,234.0,-1755.0,544.0
-518.0,5.07,4690.0,38.0,257.0,387.0,34960.0,228.0,-1698.0,442.0
-518.0,5.07,4690.0,38.0,257.0,387.0,34960.0,228.0,-1698.0,442.0
-299.0,5.09,4612.0,9.0,325.0,432.0,34985.0,229.0,-1610.0,328.0
-36.0,5.11,4599.0,-159.0,262.0,445.0,35026.0,235.0,-1537.0,162.0
-16.0,5.12,4603.0,-199.0,234.0,437.0,35054.0,216.0,-1519.0,-25.0
-69.0,5.15,4606.0,-240.0,188.0,421.0,35154.0,181.0,-1571.0,-563.0
-69.0,5.15,4606.0,-240.0,188.0,421.0,35154.0,181.0,-1571.0,-563.0
-91.0,5.16,4605.0,-267.0,200.0,430.0,35194.0,173.0,-1606.0,-640.0
-95.0,5.17,4605.0,-320.0,197.0,461.0,35242.0,166.0,-1640.0,-694.0
-53.0,5.18,4609.0,-308.0,204.0,452.0,35287.0,134.0,-1684.0,-761.0
10.0,5.2,4625.0,-280.0,198.0,437.0,35365.0,143.0,-1798.0,-874.0
-3.0,5.21,4634.0,-293.0,194.0,427.0,35406.0,152.0,-1861.0,-925.0
-34.0,5.22,4641.0,-312.0,208.0,423.0,35450.0,156.0,-1927.0,-982.0
-53.0,5.23,4647.0,-333.0,235.0,429.0,35498.0,153.0,-1997.0,-1046.0
1.0,5.25,4669.0,-355.0,273.0,438.0,35595.0,165.0,-2153.0,-1161.0
24.0,5.26,4685.0,-388.0,284.0,431.0,35646.0,152.0,-2236.0,-1204.0
48.0,5.27,4705.0,-400.0,284.0,420.0,35697.0,151.0,-2323.0,-1237.0
73.0,5.28,4728.0,-413.0,291.0,409.0,35749.0,145.0,-2410.0,-1252.0
108.0,5.29,4755.0,-399.0,297.0,409.0,35796.0,148.0,-2502.0,-1261.0
140.0,5.3,4786.0,-423.0,313.0,415.0,35843.0,130.0,-2591.0,-1242.0
243.0,5.32,4858.0,-361.0,331.0,410.0,35915.0,116.0,-2769.0,-1120.0
297.0,5.33,4899.0,-321.0,336.0,405.0,35936.0,118.0,-2855.0,-1022.0
356.0,5.34,4945.0,-300.0,337.0,402.0,35950.0,126.0,-2936.0,-914.0
414.0,5.35,4995.0,-289.0,333.0,397.0,35957.0,135.0,-3012.0,-818.0
464.0,5.36,5050.0,-289.0,327.0,394.0,35959.0,145.0,-3086.0,-754.0
535.0,5.38,5171.0,-316.0,319.0,392.0,35956.0,161.0,-3234.0,-727.0
559.0,5.39,5236.0,-336.0,313.0,391.0,35953.0,163.0,-3311.0,-745.0
579.0,5.41,5372.0,-381.0,303.0,387.0,35949.0,159.0,-3467.0,-765.0
579.0,5.41,5372.0,-381.0,303.0,387.0,35949.0,159.0,-3467.0,-765.0
580.0,5.42,5443.0,-406.0,295.0,385.0,35949.0,154.0,-3542.0,-747.0
558.0,5.44,5585.0,-430.0,279.0,381.0,35952.0,141.0,-3679.0,-681.0
534.0,5.45,5654.0,-430.0,271.0,382.0,35956.0,137.0,-3739.0,-636.0
501.0,5.46,5719.0,-425.0,266.0,384.0,35962.0,133.0,-3793.0,-589.0
431.0,5.48,5840.0,-390.0,254.0,384.0,35975.0,123.0,-3887.0,-503.0
389.0,5.49,5893.0,-362.0,248.0,383.0,35982.0,119.0,-3927.0,-458.0
345.0,5.5,5940.0,-327.0,245.0,382.0,35988.0,114.0,-3962.0,-408.0
218.0,5.53,6047.0,-200.0,244.0,383.0,0.0,106.0,-4032.0,-190.0
181.0,5.54,6070.0,-151.0,243.0,382.0,0.0,105.0,-4044.0,-111.0
181.0,5.54,6070.0,-151.0,243.0,382.0,0.0,105.0,-4044.0,-111.0
147.0,5.55,6088.0,-100.0,243.0,382.0,35996.0,106.0,-4051.0,-39.0
116.0,5.56,6100.0,-50.0,243.0,381.0,35988.0,108.0,-4055.0,27.0
48.0,5.58,6107.0,44.0,243.0,379.0,35964.0,116.0,-4052.0,151.0
13.0,5.59,6103.0,82.0,246.0,379.0,35949.0,120.0,-4043.0,213.0
-16.0,5.6,6094.0,115.0,247.0,380.0,35934.0,124.0,-4030.0,271.0
-69.0,5.62,6065.0,177.0,249.0,377.0,35897.0,133.0,-3993.0,368.0
-96.0,5.63,6044.0,203.0,250.0,377.0,35878.0,138.0,-3969.0,407.0
-121.0,5.64,6021.0,225.0,254.0,378.0,35858.0,143.0,-3941.0,446.0
-144.0,5.65,5994.0,241.0,254.0,379.0,35839.0,149.0,-3909.0,482.0
-173.0,5.66,5965.0,246.0,252.0,379.0,35823.0,156.0,-3872.0,514.0
-203.0,5.67,5934.0,245.0,252.0,381.0,35810.0,159.0,-3830.0,534.0
-231.0,5.68,5901.0,248.0,252.0,382.0,35800.0,159.0,-3785.0,541.0
-279.0,5.7,5827.0,265.0,255.0,386.0,35782.0,161.0,-3691.0,545.0
-301.0,5.71,5786.0,269.0,255.0,386.0,35775.0,160.0,-3641.0,558.0
-322.0,5.72,5744.0,274.0,256.0,388.0,35769.0,160.0,-3588.0,578.0
-344.0,5.73,5700.0,281.0,257.0,390.0,35764.0,158.0,-3533.0,600.0
-365.0,5.74,5653.0,293.0,258.0,392.0,35759.0,159.0,-3475.0,624.0
-384.0,5.75,5604.0,304.0,259.0,394.0,35753.0,161.0,-3415.0,645.0
-418.0,5.77,5501.0,319.0,261.0,396.0,35740.0,164.0,-3292.0,673.0
-429.0,5.78,5447.0,325.0,264.0,399.0,35733.0,166.0,-3230.0,680.0
-439.0,5.79,5393.0,328.0,265.0,400.0,35725.0,167.0,-3168.0,683.0
-446.0,5.8,5338.0,331.0,266.0,401.0,35716.0,168.0,-3107.0,680.0
-450.0,5.81,5282.0,332.0,267.0,402.0,35707.0,169.0,-3047.0,676.0
-452.0,5.82,5226.0,332.0,269.0,402.0,35697.0,170.0,-2988.0,669.0
-447.0,5.84,5116.0,327.0,270.0,404.0,35676.0,171.0,-2873.0,657.0
-442.0,5.85,5061.0,322.0,272.0,404.0,35664.0,173.0,-2817.0,649.0
-434.0,5.86,5008.0,317.0,273.0,404.0,35652.0,173.0,-2762.0,636.0
-408.0,5.88,4907.0,300.0,273.0,404.0,35627.0,175.0,-2660.0,595.0
-394.0,5.89,4858.0,291.0,273.0,404.0,35614.0,177.0,-2613.0,570.0
-348.0,5.92,4728.0,207.0,300.0,453.0,35584.0,176.0,-2482.0,481.0
-165.0,5.93,4703.0,243.0,304.0,451.0,35561.0,145.0,-2454.0,450.0
-2.0,5.94,4692.0,256.0,303.0,462.0,35527.0,146.0,-2436.0,426.0
162.0,5.95,4695.0,283.0,271.0,447.0,35480.0,144.0,-2429.0,415.0
243.0,5.97,4716.0,297.0,196.0,414.0,35371.0,165.0,-2426.0,416.0
176.0,5.98,4720.0,276.0,178.0,408.0,35323.0,180.0,-2420.0,414.0
82.0,5.99,4718.0,236.0,177.0,410.0,35286.0,193.0,-2407.0,400.0
-2.0,6.0,4710.0,188.0,190.0,416.0,35261.0,206.0,-2390.0,352.0
-55.0,6.01,4700.0,131.0,206.0,419.0,35247.0,217.0,-2375.0,258.0
-71.0,6.02,4691.0,60.0,219.0,418.0,35243.0,228.0,-2365.0,121.0
-73.0,6.04,4683.0,-103.0,235.0,408.0,35269.0,232.0,-2375.0,-232.0
-74.0,6.05,4683.0,-176.0,245.0,405.0,35297.0,227.0,-2395.0,-409.0
-76.0,6.06,4686.0,-240.0,260.0,403.0,35333.0,218.0,-2424.0,-553.0
-67.0,6.07,4692.0,-298.0,274.0,400.0,35377.0,206.0,-2457.0,-655.0
-4.0,6.09,4717.0,-354.0,301.0,394.0,35472.0,173.0,-2530.0,-718.0
46.0,6.1,4736.0,-354.0,304.0,391.0,35516.0,163.0,-2568.0,-700.0
93.0,6.11,4760.0,-348.0,306.0,389.0,35557.0,158.0,-2605.0,-667.0
142.0,6.12,4787.0,-336.0,308.0,389.0,35592.0,155.0,-2642.0,-630.0
242.0,6.14,4855.0,-312.0,307.0,394.0,35648.0,157.0,-2719.0,-588.0
284.0,6.15,4894.0,-302.0,302.0,392.0,35668.0,158.0,-2762.0,-590.0
317.0,6.16,4935.0,-292.0,298.0,391.0,35685.0,158.0,-2810.0,-601.0
343.0,6.17,4979.0,-285.0,292.0,391.0,35699.0,156.0,-2861.0,-611.0
375.0,6.19,5070.0,-273.0,285.0,392.0,35718.0,152.0,-2967.0,-601.0
382.0,6.2,5117.0,-266.0,280.0,393.0,35724.0,150.0,-3021.0,-585.0
383.0,6.21,5163.0,-258.0,275.0,394.0,35729.0,150.0,-3074.0,-566.0
374.0,6.22,5208.0,-251.0,267.0,393.0,35732.0,151.0,-3126.0,-549.0
331.0,6.24,5292.0,-240.0,257.0,390.0,35741.0,151.0,-3225.0,-524.0
301.0,6.25,5330.0,-236.0,256.0,389.0,35747.0,152.0,-3272.0,-512.0
271.0,6.26,5365.0,-234.0,258.0,390.0,35755.0,152.0,-3315.0,-498.0
246.0,6.27,5399.0,-231.0,261.0,391.0,35765.0,150.0,-3355.0,-480.0
226.0,6.28,5430.0,-229.0,263.0,391.0,35776.0,151.0,-3392.0,-461.0
194.0,6.3,5489.0,-220.0,264.0,388.0,35800.0,149.0,-3460.0,-434.0
182.0,6.31,5516.0,-214.0,265.0,386.0,35813.0,148.0,-3492.0,-424.0
169.0,6.32,5541.0,-205.0,267.0,386.0,35826.0,146.0,-3523.0,-408.0
156.0,6.33,5565.0,-194.0,268.0,385.0,35838.0,144.0,-3551.0,-384.0
144.0,6.34,5588.0,-182.0,268.0,384.0,35849.0,142.0,-3577.0,-352.0
133.0,6.35,5608.0,-168.0,269.0,382.0,35859.0,139.0,-3599.0,-313.0
111.0,6.37,5644.0,-132.0,267.0,381.0,35876.0,136.0,-3636.0,-229.0
101.0,6.38,5658.0,-111.0,267.0,381.0,35881.0,136.0,-3650.0,-189.0
77.0,6.4,5682.0,-74.0,265.0,382.0,35887.0,138.0,-3671.0,-113.0
77.0,6.4,5682.0,-74.0,265.0,382.0,35887.0,138.0,-3671.0,-113.0
66.0,6.41,5690.0,-57.0,264.0,383.0,35888.0,136.0,-3678.0,-76.0
39.0,6.43,5701.0,-18.0,259.0,383.0,35886.0,136.0,-3685.0,-10.0
23.0,6.44,5703.0,3.0,256.0,383.0,35883.0,135.0,-3685.0,23.0
2.0,6.45,5701.0,23.0,254.0,384.0,35880.0,135.0,-3682.0,58.0
-21.0,6.46,5697.0,42.0,252.0,385.0,35876.0,135.0,-3676.0,97.0
-45.0,6.47,5690.0,61.0,251.0,386.0,35872.0,136.0,-3666.0,135.0
-123.0,6.5,5649.0,115.0,249.0,388.0,35861.0,139.0,-3613.0,236.0
-123.0,6.5,5649.0,115.0,249.0,388.0,35861.0,139.0,-3613.0,236.0
-147.0,6.51,5629.0,132.0,251.0,389.0,35857.0,141.0,-3590.0,264.0
-205.0,6.54,5555.0,176.0,257.0,391.0,35845.0,145.0,-3505.0,343.0
-219.0,6.55,5527.0,188.0,258.0,390.0,35840.0,146.0,-3472.0,368.0
-230.0,6.56,5496.0,200.0,259.0,390.0,35834.0,149.0,-3438.0,389.0
-247.0,6.59,5399.0,224.0,266.0,394.0,35811.0,155.0,-3330.0,441.0
-248.0,6.61,5333.0,231.0,265.0,394.0,35791.0,158.0,-3254.0,461.0
-248.0,6.61,5333.0,231.0,265.0,394.0,35791.0,158.0,-3254.0,461.0
-247.0,6.62,5299.0,234.0,266.0,396.0,35780.0,160.0,-3216.0,469.0
-242.0,6.65,5201.0,232.0,266.0,398.0,35745.0,163.0,-3101.0,476.0
-242.0,6.65,5201.0,232.0,266.0,398.0,35745.0,163.0,-3101.0,476.0
-239.0,6.66,5168.0,229.0,266.0,399.0,35733.0,165.0,-3063.0,477.0
-230.0,6.69,5075.0,213.0,264.0,400.0,35698.0,169.0,-2951.0,452.0
-225.0,6.7,5045.0,206.0,264.0,401.0,35688.0,169.0,-2916.0,440.0
-225.0,6.7,5045.0,206.0,264.0,401.0,35688.0,169.0,-2916.0,440.0
-207.0,6.73,4961.0,182.0,263.0,400.0,35657.0,171.0,-2817.0,388.0
-207.0,6.73,4961.0,182.0,263.0,400.0,35657.0,171.0,-2817.0,388.0
-198.0,6.74,4936.0,172.0,263.0,401.0,35648.0,172.0,-2787.0,367.0
-189.0,6.75,4912.0,161.0,264.0,402.0,35640.0,174.0,-2759.0,345.0
-156.0,6.78,4848.0,127.0,264.0,401.0,35618.0,174.0,-2688.0,264.0
-156.0,6.78,4848.0,127.0,264.0,401.0,35618.0,174.0,-2688.0,264.0
-142.0,6.79,4830.0,115.0,265.0,401.0,35613.0,175.0,-2669.0,235.0
-126.0,6.8,4814.0,101.0,265.0,401.0,35608.0,175.0,-2652.0,205.0
-93.0,6.82,4789.0,75.0,266.0,401.0,35599.0,176.0,-2627.0,141.0
-77.0,6.83,4780.0,59.0,267.0,401.0,35596.0,176.0,-2618.0,108.0
-58.0,6.84,4773.0,44.0,267.0,402.0,35594.0,177.0,-2612.0,74.0
-41.0,6.85,4768.0,27.0,266.0,401.0,35593.0,177.0,-2609.0,40.0
-8.0,6.87,4765.0,-7.0,265.0,399.0,35595.0,176.0,-2611.0,-35.0
9.0,6.88,4767.0,-23.0,265.0,399.0,35597.0,175.0,-2617.0,-71.0
24.0,6.89,4771.0,-38.0,267.0,399.0,35601.0,175.0,-2624.0,-105.0
41.0,6.9,4777.0,-55.0,267.0,400.0,35606.0,174.0,-2635.0,-135.0
58.0,6.91,4785.0,-70.0,268.0,400.0,35611.0,174.0,-2647.0,-165.0
89.0,6.93,4808.0,-101.0,267.0,399.0,35625.0,172.0,-2679.0,-228.0
103.0,6.94,4822.0,-114.0,267.0,398.0,35633.0,170.0,-2699.0,-259.0
114.0,6.95,4838.0,-127.0,268.0,398.0,35642.0,169.0,-2721.0,-289.0
127.0,6.96,4856.0,-140.0,269.0,398.0,35652.0,167.0,-2745.0,-313.0
150.0,6.98,4896.0,-160.0,270.0,398.0,35674.0,164.0,-2797.0,-347.0
159.0,6.99,4918.0,-167.0,271.0,397.0,35685.0,162.0,-2824.0,-360.0
169.0,7.0,4941.0,-173.0,271.0,397.0,35696.0,161.0,-2853.0,-371.0
177.0,7.01,4965.0,-179.0,272.0,396.0,35707.0,161.0,-2883.0,-379.0
194.0,7.03,5016.0,-186.0,273.0,396.0,35728.0,158.0,-2944.0,-390.0
201.0,7.04,5043.0,-188.0,273.0,395.0,35738.0,158.0,-2975.0,-391.0
206.0,7.05,5070.0,-190.0,272.0,394.0,35748.0,157.0,-3007.0,-392.0
216.0,7.07,5126.0,-187.0,273.0,393.0,35765.0,154.0,-3071.0,-385.0
218.0,7.08,5154.0,-186.0,273.0,393.0,35773.0,154.0,-3103.0,-376.0
220.0,7.09,5183.0,-184.0,272.0,392.0,35780.0,154.0,-3134.0,-365.0
220.0,7.1,5211.0,-180.0,271.0,392.0,35786.0,153.0,-3164.0,-353.0
216.0,7.12,5266.0,-172.0,269.0,391.0,35797.0,153.0,-3223.0,-332.0
211.0,7.13,5293.0,-167.0,268.0,390.0,35801.0,152.0,-3251.0,-320.0
206.0,7.14,5319.0,-161.0,267.0,388.0,35805.0,151.0,-3279.0,-308.0
198.0,7.15,5344.0,-154.0,265.0,389.0,35809.0,151.0,-3305.0,-293.0
181.0,7.17,5391.0,-140.0,265.0,389.0,35815.0,150.0,-3353.0,-257.0
170.0,7.18,5412.0,-132.0,264.0,388.0,35818.0,150.0,-3375.0,-239.0
158.0,7.19,5432.0,-123.0,262.0,386.0,35820.0,150.0,-3395.0,-221.0
146.0,7.2,5451.0,-114.0,261.0,385.0,35823.0,150.0,-3414.0,-205.0
132.0,7.21,5467.0,-104.0,261.0,386.0,35825.0,149.0,-3431.0,-188.0
105.0,7.23,5496.0,-84.0,261.0,387.0,35828.0,148.0,-3459.0,-146.0
105.0,7.23,5496.0,-84.0,261.0,387.0,35828.0,148.0,-3459.0,-146.0
90.0,7.24,5507.0,-73.0,260.0,386.0,35830.0,149.0,-3470.0,-125.0
62.0,7.26,5525.0,-50.0,260.0,386.0,35832.0,148.0,-3486.0,-81.0
49.0,7.27,5531.0,-40.0,259.0,386.0,35833.0,148.0,-3492.0,-61.0
33.0,7.28,5536.0,-28.0,258.0,385.0,35834.0,148.0,-3495.0,-42.0
19.0,7.29,5538.0,-18.0,259.0,385.0,35834.0,147.0,-3497.0,-22.0
7.0,7.3,5539.0,-6.0,259.0,386.0,35835.0,148.0,-3497.0,-1.0
-7.0,7.31,5538.0,5.0,258.0,386.0,35835.0,148.0,-3495.0,20.0
-49.0,7.34,5525.0,41.0,258.0,388.0,35833.0,148.0,-3477.0,85.0
-63.0,7.35,5517.0,52.0,258.0,388.0,35832.0,148.0,-3467.0,106.0
-76.0,7.36,5507.0,64.0,257.0,387.0,35830.0,148.0,-3456.0,128.0
-76.0,7.36,5507.0,64.0,257.0,387.0,35830.0,148.0,-3456.0,128.0
-101.0,7.38,5482.0,85.0,257.0,388.0,35826.0,149.0,-3429.0,163.0
-126.0,7.4,5451.0,105.0,259.0,391.0,35820.0,151.0,-3395.0,202.0
-136.0,7.41,5433.0,114.0,259.0,391.0,35817.0,152.0,-3375.0,218.0
-145.0,7.42,5414.0,121.0,259.0,391.0,35814.0,153.0,-3355.0,232.0
-155.0,7.43,5395.0,127.0,258.0,392.0,35810.0,153.0,-3333.0,244.0
-163.0,7.44,5374.0,132.0,259.0,393.0,35807.0,155.0,-3311.0,255.0
-169.0,7.45,5352.0,138.0,260.0,392.0,35803.0,155.0,-3287.0,264.0
-174.0,7.46,5330.0,142.0,260.0,393.0,35799.0,155.0,-3264.0,272.0
-179.0,7.47,5307.0,145.0,261.0,394.0,35794.0,157.0,-3239.0,279.0
-184.0,7.5,5237.0,149.0,262.0,397.0,35780.0,159.0,-3163.0,296.0
-183.0,7.51,5213.0,150.0,262.0,397.0,35774.0,159.0,-3138.0,296.0
-182.0,7.52,5190.0,150.0,262.0,396.0,35769.0,159.0,-3112.0,297.0
-171.0,7.55,5122.0,145.0,263.0,400.0,35751.0,161.0,-3038.0,291.0
-171.0,7.55,5122.0,145.0,263.0,400.0,35751.0,161.0,-3038.0,291.0
-166.0,7.56,5100.0,144.0,263.0,400.0,35745.0,162.0,-3015.0,287.0
-160.0,7.57,5080.0,140.0,263.0,400.0,35738.0,163.0,-2992.0,282.0
-154.0,7.58,5059.0,137.0,262.0,400.0,35731.0,164.0,-2969.0,275.0
-147.0,7.59,5040.0,130.0,262.0,399.0,35725.0,164.0,-2948.0,264.0
-135.0,7.61,5004.0,119.0,261.0,399.0,35713.0,165.0,-2908.0,238.0
-127.0,7.62,4988.0,111.0,262.0,400.0,35707.0,166.0,-2890.0,223.0
-118.0,7.63,4972.0,103.0,263.0,401.0,35702.0,166.0,-2874.0,208.0
-108.0,7.64,4958.0,96.0,264.0,401.0,35697.0,167.0,-2858.0,192.0
-86.0,7.66,4935.0,76.0,263.0,400.0,35688.0,168.0,-2832.0,155.0
-76.0,7.67,4925.0,68.0,263.0,399.0,35685.0,168.0,-2822.0,133.0
-66.0,7.68,4916.0,58.0,263.0,399.0,35682.0,169.0,-2813.0,113.0
-54.0,7.69,4909.0,49.0,264.0,400.0,35679.0,169.0,-2806.0,92.0
-27.0,7.71,4900.0,28.0,265.0,401.0,35675.0,170.0,-2797.0,53.0
-14.0,7.72,4898.0,17.0,264.0,400.0,35674.0,170.0,-2794.0,32.0
-3.0,7.73,4898.0,6.0,264.0,399.0,35673.0,170.0,-2794.0,9.0
9.0,7.74,4899.0,-4.0,264.0,399.0,35673.0,170.0,-2796.0,-15.0
33.0,7.76,4906.0,-26.0,264.0,398.0,35674.0,170.0,-2804.0,-60.0
45.0,7.77,4912.0,-37.0,264.0,398.0,35676.0,169.0,-2811.0,-83.0
55.0,7.78,4919.0,-48.0,265.0,398.0,35679.0,169.0,-2820.0,-105.0
66.0,7.79,4927.0,-58.0,265.0,399.0,35682.0,169.0,-2830.0,-125.0
85.0,7.81,4948.0,-78.0,265.0,397.0,35690.0,168.0,-2855.0,-163.0
92.0,7.82,4961.0,-86.0,265.0,397.0,35695.0,166.0,-2869.0,-180.0
101.0,7.83,4974.0,-94.0,265.0,396.0,35700.0,166.0,-2885.0,-198.0
107.0,7.84,4988.0,-101.0,266.0,397.0,35705.0,165.0,-2902.0,-212.0
116.0,7.85,5004.0,-108.0,267.0,397.0,35711.0,164.0,-2920.0,-225.0
122.0,7.86,5020.0,-113.0,267.0,396.0,35717.0,164.0,-2939.0,-234.0
132.0,7.88,5054.0,-120.0,267.0,395.0,35730.0,162.0,-2978.0,-249.0
138.0,7.89,5072.0,-124.0,268.0,395.0,35736.0,162.0,-2999.0,-254.0
141.0,7.9,5091.0,-127.0,267.0,394.0,35742.0,161.0,-3020.0,-258.0
143.0,7.91,5110.0,-129.0,267.0,393.0,35748.0,160.0,-3041.0,-261.0
147.0,7.92,5129.0,-129.0,267.0,392.0,35754.0,159.0,-3063.0,-264.0
148.0,7.93,5148.0,-129.0,267.0,393.0,35760.0,158.0,-3085.0,-265.0
149.0,7.94,5168.0,-129.0,268.0,393.0,35765.0,158.0,-3107.0,-262.0
148.0,7.96,5206.0,-127.0,267.0,392.0,35775.0,157.0,-3150.0,-253.0
146.0,7.97,5225.0,-125.0,267.0,392.0,35780.0,157.0,-3171.0,-246.0
142.0,7.98,5244.0,-123.0,266.0,391.0,35785.0,156.0,-3192.0,-240.0
140.0,7.99,5262.0,-119.0,265.0,390.0,35789.0,156.0,-3212.0,-234.0
136.0,8.0,5280.0,-115.0,265.0,389.0,35793.0,155.0,-3231.0,-228.0
129.0,8.01,5297.0,-112.0,265.0,390.0,35798.0,155.0,-3250.0,-220.0
118.0,8.03,5328.0,-100.0,264.0,390.0,35805.0,153.0,-3285.0,-198.0
110.0,8.04,5343.0,-95.0,264.0,389.0,35808.0,153.0,-3300.0,-184.0
103.0,8.05,5356.0,-89.0,263.0,389.0,35811.0,153.0,-3315.0,-170.0
95.0,8.06,5368.0,-82.0,263.0,389.0,35814.0,153.0,-3328.0,-156.0
78.0,8.08,5390.0,-69.0,261.0,388.0,35819.0,152.0,-3351.0,-132.0
68.0,8.09,5399.0,-62.0,261.0,388.0,35822.0,151.0,-3361.0,-119.0
59.0,8.1,5407.0,-54.0,262.0,389.0,35824.0,151.0,-3369.0,-104.0
49.0,8.11,5414.0,-46.0,262.0,389.0,35826.0,151.0,-3376.0,-88.0
39.0,8.12,5419.0,-38.0,260.0,389.0,35827.0,151.0,-3382.0,-71.0
27.0,8.13,5423.0,-31.0,260.0,388.0,35829.0,150.0,-3386.0,-56.0
6.0,8.15,5427.0,-15.0,259.0,387.0,35832.0,150.0,-3390.0,-27.0
-4.0,8.16,5427.0,-6.0,259.0,388.0,35834.0,150.0,-3390.0,-10.0
-15.0,8.17,5425.0,3.0,260.0,390.0,35835.0,149.0,-3389.0,7.0
-23.0,8.18,5423.0,12.0,260.0,390.0,35835.0,149.0,-3386.0,25.0
-43.0,8.2,5413.0,29.0,259.0,389.0,35835.0,149.0,-3375.0,58.0
-52.0,8.21,5407.0,38.0,260.0,389.0,35835.0,149.0,-3368.0,73.0
-60.0,8.22,5399.0,47.0,259.0,390.0,35834.0,150.0,-3360.0,90.0
-81.0,8.25,5370.0,70.0,260.0,392.0,35828.0,152.0,-3328.0,136.0
-88.0,8.26,5359.0,77.0,260.0,392.0,35826.0,152.0,-3315.0,150.0
-96.0,8.27,5346.0,83.0,260.0,392.0,35823.0,153.0,-3302.0,162.0
-101.0,8.28,5333.0,89.0,259.0,392.0,35819.0,153.0,-3287.0,173.0
-107.0,8.29,5319.0,94.0,259.0,393.0,35816.0,154.0,-3271.0,182.0
-114.0,8.31,5289.0,103.0,261.0,394.0,35808.0,155.0,-3239.0,199.0
-118.0,8.32,5273.0,104.0,260.0,394.0,35804.0,156.0,-3221.0,206.0
-120.0,8.33,5258.0,107.0,260.0,395.0,35799.0,156.0,-3204.0,212.0
-122.0,8.34,5242.0,108.0,261.0,395.0,35795.0,158.0,-3185.0,216.0
-123.0,8.35,5225.0,108.0,261.0,396.0,35790.0,158.0,-3167.0,219.0
-121.0,8.38,5177.0,108.0,261.0,396.0,35776.0,159.0,-3112.0,220.0
-120.0,8.39,5161.0,107.0,261.0,397.0,35771.0,160.0,-3094.0,220.0
-114.0,8.41,5131.0,104.0,261.0,397.0,35761.0,161.0,-3059.0,212.0
-114.0,8.41,5131.0,104.0,261.0,397.0,35761.0,161.0,-3059.0,212.0
-100.0,8.44,5088.0,95.0,262.0,399.0,35746.0,163.0,-3010.0,194.0
-100.0,8.44,5088.0,95.0,262.0,399.0,35746.0,163.0,-3010.0,194.0
-96.0,8.45,5076.0,91.0,261.0,399.0,35741.0,164.0,-2995.0,186.0
-90.0,8.46,5064.0,86.0,261.0,398.0,35737.0,164.0,-2981.0,176.0
-77.0,8.48,5042.0,75.0,262.0,398.0,35728.0,165.0,-2956.0,154.0
-70.0,8.49,5033.0,69.0,262.0,399.0,35723.0,166.0,-2946.0,143.0
-55.0,8.51,5017.0,57.0,261.0,399.0,35716.0,167.0,-2927.0,115.0
-55.0,8.51,5017.0,57.0,261.0,399.0,35716.0,167.0,-2927.0,115.0
-47.0,8.52,5010.0,50.0,262.0,399.0,35713.0,167.0,-2920.0,102.0
-39.0,8.53,5005.0,42.0,262.0,399.0,35710.0,167.0,-2913.0,86.0
-31.0,8.54,5000.0,35.0,261.0,398.0,35708.0,168.0,-2909.0,69.0
-25.0,8.55,4997.0,27.0,261.0,398.0,35706.0,168.0,-2905.0,52.0
-18.0,8.56,4995.0,18.0,262.0,398.0,35705.0,168.0,-2902.0,35.0
7.0,8.59,4994.0,-7.0,262.0,398.0,35704.0,168.0,-2903.0,-15.0
7.0,8.59,4994.0,-7.0,262.0,398.0,35704.0,168.0,-2903.0,-15.0
14.0,8.6,4996.0,-14.0,263.0,398.0,35705.0,168.0,-2905.0,-32.0
23.0,8.61,4999.0,-23.0,263.0,398.0,35706.0,168.0,-2909.0,-50.0
31.0,8.62,5003.0,-30.0,263.0,397.0,35708.0,168.0,-2915.0,-66.0
44.0,8.64,5015.0,-45.0,263.0,396.0,35713.0,166.0,-2929.0,-97.0
52.0,8.65,5022.0,-51.0,263.0,397.0,35716.0,166.0,-2938.0,-112.0
58.0,8.66,5030.0,-58.0,264.0,397.0,35719.0,165.0,-2948.0,-123.0
65.0,8.67,5038.0,-63.0,264.0,397.0,35723.0,164.0,-2958.0,-134.0
76.0,8.69,5058.0,-73.0,264.0,396.0,35731.0,164.0,-2982.0,-155.0
79.0,8.7,5069.0,-77.0,264.0,396.0,35735.0,163.0,-2995.0,-163.0
84.0,8.71,5080.0,-81.0,264.0,395.0,35740.0,163.0,-3009.0,-171.0
87.0,8.72,5092.0,-85.0,264.0,395.0,35744.0,161.0,-3023.0,-179.0
94.0,8.74,5117.0,-90.0,265.0,395.0,35754.0,161.0,-3053.0,-188.0
96.0,8.75,5130.0,-91.0,265.0,395.0,35758.0,160.0,-3069.0,-190.0
98.0,8.76,5143.0,-92.0,264.0,393.0,35763.0,160.0,-3084.0,-191.0
98.0,8.77,5156.0,-93.0,264.0,393.0,35768.0,159.0,-3100.0,-193.0
99.0,8.8,5196.0,-92.0,265.0,393.0,35781.0,157.0,-3146.0,-189.0
99.0,8.8,5196.0,-92.0,265.0,393.0,35781.0,157.0,-3146.0,-189.0
99.0,8.81,5209.0,-91.0,265.0,393.0,35785.0,157.0,-3162.0,-184.0
97.0,8.82,5222.0,-88.0,264.0,392.0,35789.0,157.0,-3176.0,-180.0
96.0,8.83,5235.0,-87.0,263.0,391.0,35793.0,156.0,-3191.0,-175.0
89.0,8.85,5259.0,-82.0,264.0,391.0,35800.0,155.0,-3219.0,-163.0
85.0,8.86,5270.0,-78.0,264.0,391.0,35804.0,155.0,-3231.0,-155.0
81.0,8.87,5281.0,-74.0,263.0,392.0,35807.0,154.0,-3243.0,-146.0
77.0,8.88,5291.0,-69.0,263.0,391.0,35810.0,154.0,-3255.0,-136.0
71.0,8.89,5301.0,-64.0,262.0,390.0,35812.0,154.0,-3265.0,-125.0
61.0,8.91,5317.0,-54.0,261.0,390.0,35817.0,153.0,-3283.0,-106.0
53.0,8.92,5325.0,-49.0,262.0,390.0,35819.0,152.0,-3291.0,-96.0
47.0,8.93,5331.0,-44.0,262.0,391.0,35821.0,153.0,-3298.0,-83.0
34.0,8.95,5341.0,-31.0,261.0,390.0,35824.0,152.0,-3308.0,-59.0
34.0,8.95,5341.0,-31.0,261.0,390.0,35824.0,152.0,-3308.0,-59.0
13.0,8.98,5349.0,-13.0,261.0,390.0,35827.0,152.0,-3316.0,-25.0
6.0,8.99,5350.0,-8.0,260.0,390.0,35827.0,152.0,-3317.0,-11.0
-1.0,9.0,5349.0,0.0,261.0,391.0,35827.0,152.0,-3316.0,2.0
-1.0,9.0,5349.0,0.0,261.0,391.0,35827.0,152.0,-3316.0,2.0
-8.0,9.01,5348.0,6.0,261.0,391.0,35827.0,152.0,-3315.0,15.0
-15.0,9.02,5346.0,13.0,261.0,391.0,35827.0,152.0,-3312.0,28.0
-28.0,9.04,5340.0,25.0,260.0,390.0,35825.0,153.0,-3304.0,51.0
-35.0,9.05,5335.0,31.0,260.0,390.0,35824.0,153.0,-3299.0,61.0
-40.0,9.06,5330.0,36.0,261.0,391.0,35823.0,154.0,-3293.0,72.0
-46.0,9.07,5324.0,42.0,261.0,393.0,35821.0,153.0,-3286.0,86.0
-50.0,9.08,5317.0,47.0,261.0,392.0,35819.0,153.0,-3277.0,96.0
-61.0,9.1,5301.0,56.0,260.0,392.0,35814.0,155.0,-3259.0,112.0
-67.0,9.11,5292.0,59.0,260.0,393.0,35812.0,155.0,-3249.0,121.0
-68.0,9.12,5283.0,63.0,261.0,393.0,35809.0,155.0,-3239.0,126.0
-73.0,9.13,5273.0,66.0,260.0,393.0,35807.0,156.0,-3227.0,134.0
-78.0,9.15,5253.0,71.0,260.0,395.0,35800.0,157.0,-3204.0,144.0
-79.0,9.16,5242.0,73.0,261.0,395.0,35797.0,157.0,-3191.0,149.0
-82.0,9.17,5231.0,74.0,260.0,395.0,35794.0,158.0,-3179.0,153.0
-84.0,9.19,5209.0,76.0,260.0,395.0,35787.0,159.0,-3153.0,155.0
-84.0,9.2,5198.0,77.0,260.0,395.0,35784.0,159.0,-3140.0,157.0
-84.0,9.21,5187.0,77.0,260.0,395.0,35780.0,159.0,-3127.0,156.0
-84.0,9.21,5187.0,77.0,260.0,395.0,35780.0,159.0,-3127.0,156.0
-83.0,9.22,5176.0,76.0,260.0,395.0,35777.0,161.0,-3114.0,155.0
-81.0,9.24,5154.0,74.0,261.0,397.0,35770.0,160.0,-3089.0,150.0
-78.0,9.25,5144.0,72.0,261.0,397.0,35766.0,162.0,-3078.0,146.0
-76.0,9.26,5134.0,69.0,260.0,397.0,35763.0,162.0,-3066.0,143.0
-69.0,9.28,5115.0,63.0,261.0,397.0,35756.0,162.0,-3044.0,129.0
-66.0,9.29,5106.0,61.0,261.0,397.0,35753.0,163.0,-3035.0,123.0
-62.0,9.3,5098.0,56.0,261.0,397.0,35750.0,163.0,-3026.0,114.0
-56.0,9.31,5091.0,52.0,261.0,398.0,35748.0,164.0,-3017.0,106.0
-52.0,9.32,5084.0,48.0,261.0,398.0,35745.0,164.0,-3010.0,97.0
-46.0,9.33,5078.0,44.0,261.0,398.0,35743.0,164.0,-3003.0,88.0
-36.0,9.35,5068.0,34.0,261.0,397.0,35739.0,165.0,-2992.0,68.0
-31.0,9.36,5064.0,29.0,261.0,397.0,35737.0,165.0,-2988.0,56.0
-25.0,9.37,5060.0,23.0,261.0,398.0,35736.0,164.0,-2984.0,46.0
-19.0,9.38,5058.0,18.0,261.0,398.0,35735.0,164.0,-2982.0,35.0
-8.0,9.4,5055.0,7.0,261.0,397.0,35734.0,164.0,-2979.0,12.0
-3.0,9.41,5055.0,1.0,261.0,397.0,35734.0,165.0,-2979.0,0.0
2.0,9.42,5055.0,-3.0,261.0,397.0,35734.0,165.0,-2980.0,-11.0
15.0,9.44,5059.0,-15.0,261.0,397.0,35735.0,165.0,-2985.0,-33.0
15.0,9.44,5059.0,-15.0,261.0,397.0,35735.0,165.0,-2985.0,-33.0
25.0,9.46,5065.0,-26.0,262.0,397.0,35738.0,164.0,-2993.0,-55.0
30.0,9.47,5069.0,-29.0,262.0,397.0,35739.0,164.0,-2998.0,-65.0
39.0,9.49,5079.0,-40.0,262.0,397.0,35744.0,163.0,-3011.0,-84.0
39.0,9.49,5079.0,-40.0,262.0,397.0,35744.0,163.0,-3011.0,-84.0
51.0,9.52,5098.0,-49.0,263.0,396.0,35751.0,162.0,-3035.0,-106.0
56.0,9.53,5106.0,-53.0,262.0,395.0,35754.0,161.0,-3044.0,-111.0
56.0,9.53,5106.0,-53.0,262.0,395.0,35754.0,161.0,-3044.0,-111.0
57.0,9.54,5114.0,-55.0,263.0,396.0,35757.0,161.0,-3054.0,-116.0
65.0,9.57,5139.0,-60.0,264.0,395.0,35766.0,160.0,-3084.0,-128.0
68.0,9.59,5157.0,-63.0,263.0,394.0,35772.0,159.0,-3106.0,-131.0
68.0,9.59,5157.0,-63.0,263.0,394.0,35772.0,159.0,-3106.0,-131.0
70.0,9.62,5185.0,-63.0,263.0,393.0,35781.0,159.0,-3138.0,-131.0
70.0,9.62,5185.0,-63.0,263.0,393.0,35781.0,159.0,-3138.0,-131.0
70.0,9.63,5194.0,-64.0,263.0,393.0,35784.0,158.0,-3149.0,-130.0
69.0,9.64,5204.0,-63.0,263.0,393.0,35786.0,158.0,-3160.0,-127.0
64.0,9.67,5230.0,-58.0,262.0,391.0,35794.0,156.0,-3190.0,-117.0
62.0,9.68,5238.0,-56.0,262.0,392.0,35797.0,156.0,-3199.0,-114.0
58.0,9.69,5246.0,-53.0,262.0,392.0,35799.0,156.0,-3208.0,-107.0
58.0,9.69,5246.0,-53.0,262.0,392.0,35799.0,156.0,-3208.0,-107.0
55.0,9.7,5253.0,-51.0,263.0,392.0,35801.0,156.0,-3216.0,-100.0
49.0,9.72,5267.0,-44.0,262.0,391.0,35805.0,156.0,-3230.0,-86.0
44.0,9.73,5273.0,-40.0,262.0,391.0,35807.0,155.0,-3237.0,-80.0
36.0,9.75,5283.0,-33.0,261.0,392.0,35810.0,154.0,-3247.0,-65.0
32.0,9.76,5287.0,-29.0,261.0,391.0,35812.0,155.0,-3252.0,-57.0
27.0,9.77,5290.0,-25.0,261.0,391.0,35813.0,155.0,-3256.0,-49.0
22.0,9.78,5293.0,-21.0,262.0,392.0,35814.0,154.0,-3258.0,-39.0
18.0,9.79,5295.0,-16.0,262.0,392.0,35814.0,154.0,-3261.0,-31.0
7.0,9.81,5298.0,-8.0,261.0,391.0,35815.0,154.0,-3263.0,-14.0
2.0,9.82,5298.0,-3.0,261.0,391.0,35816.0,154.0,-3264.0,-5.0
-3.0,9.83,5298.0,1.0,260.0,391.0,35816.0,155.0,-3263.0,3.0
-9.0,9.84,5297.0,6.0,260.0,391.0,35816.0,155.0,-3262.0,11.0
-17.0,9.86,5293.0,15.0,262.0,392.0,35815.0,154.0,-3257.0,30.0
-22.0,9.87,5290.0,19.0,262.0,393.0,35814.0,155.0,-3254.0,40.0
-25.0,9.88,5287.0,22.0,261.0,392.0,35814.0,155.0,-3250.0,48.0
-31.0,9.89,5283.0,26.0,260.0,391.0,35813.0,155.0,-3245.0,55.0
-38.0,9.91,5273.0,34.0,261.0,393.0,35810.0,156.0,-3234.0,67.0
-41.0,9.92,5267.0,36.0,261.0,394.0,35809.0,156.0,-3227.0,75.0
-45.0,9.94,5256.0,42.0,261.0,394.0,35805.0,156.0,-3213.0,87.0
-50.0,9.95,5249.0,45.0,260.0,394.0,35803.0,157.0,-3206.0,92.0
-51.0,9.96,5242.0,47.0,260.0,394.0,35801.0,157.0,-3198.0,97.0
-55.0,9.98,5228.0,50.0,259.0,394.0,35797.0,158.0,-3181.0,101.0
-58.0,9.99,5220.0,51.0,260.0,394.0,35795.0,157.0,-3172.0,103.0
-58.0,10.0,5212.0,53.0,261.0,395.0,35792.0,158.0,-3163.0,105.0
-57.0,10.01,5204.0,54.0,261.0,396.0,35790.0,159.0,-3155.0,108.0
-59.0,10.03,5189.0,54.0,260.0,395.0,35785.0,159.0,-3136.0,110.0
-59.0,10.03,5189.0,54.0,260.0,395.0,35785.0,159.0,-3136.0,110.0
-58.0,10.04,5181.0,53.0,260.0,395.0,35782.0,160.0,-3127.0,109.0
-58.0,10.05,5173.0,53.0,260.0,395.0,35780.0,160.0,-3119.0,106.0
-54.0,10.07,5159.0,50.0,261.0,396.0,35775.0,161.0,-3102.0,102.0
-52.0,10.08,5152.0,49.0,261.0,397.0,35772.0,161.0,-3094.0,99.0
-51.0,10.09,5145.0,48.0,261.0,396.0,35770.0,161.0,-3086.0,97.0
-47.0,10.1,5138.0,45.0,260.0,396.0,35768.0,162.0,-3079.0,93.0
-45.0,10.11,5133.0,43.0,260.0,396.0,35765.0,162.0,-3072.0,87.0
-39.0,10.13,5122.0,38.0,261.0,397.0,35761.0,163.0,-3060.0,76.0
-36.0,10.14,5117.0,35.0,260.0,397.0,35759.0,163.0,-3054.0,71.0
-33.0,10.15,5113.0,32.0,261.0,397.0,35758.0,163.0,-3049.0,65.0
-25.0,10.17,5106.0,25.0,261.0,398.0,35755.0,163.0,-3041.0,51.0
-18.0,10.19,5100.0,18.0,261.0,397.0,35752.0,163.0,-3035.0,35.0
-14.0,10.2,5099.0,14.0,260.0,397.0,35752.0,164.0,-3034.0,27.0
-10.0,10.21,5097.0,10.0,261.0,396.0,35751.0,164.0,-3032.0,19.0
-6.0,10.22,5096.0,5.0,261.0,397.0,35751.0,163.0,-3032.0,11.0
-6.0,10.22,5096.0,5.0,261.0,397.0,35751.0,163.0,-3032.0,11.0
-1.0,10.23,5096.0,3.0,261.0,397.0,35750.0,163.0,-3032.0,3.0
6.0,10.25,5097.0,-5.0,261.0,397.0,35751.0,163.0,-3034.0,-12.0
9.0,10.26,5099.0,-10.0,262.0,397.0,35751.0,164.0,-3035.0,-21.0
14.0,10.27,5101.0,-13.0,261.0,397.0,35752.0,163.0,-3038.0,-29.0
25.0,10.3,5109.0,-24.0,261.0,396.0,35755.0,162.0,-3049.0,-51.0
25.0,10.3,5109.0,-24.0,261.0,396.0,35755.0,162.0,-3049.0,-51.0
28.0,10.31,5113.0,-26.0,261.0,396.0,35756.0,162.0,-3054.0,-58.0
31.0,10.32,5117.0,-29.0,262.0,396.0,35758.0,162.0,-3059.0,-64.0
35.0,10.33,5122.0,-32.0,262.0,396.0,35759.0,162.0,-3065.0,-68.0
40.0,10.35,5132.0,-37.0,261.0,395.0,35763.0,162.0,-3077.0,-78.0
40.0,10.36,5138.0,-39.0,262.0,395.0,35765.0,161.0,-3084.0,-81.0
42.0,10.37,5143.0,-41.0,262.0,395.0,35767.0,160.0,-3091.0,-85.0
42.0,10.37,5143.0,-41.0,262.0,395.0,35767.0,160.0,-3091.0,-85.0
46.0,10.39,5155.0,-44.0,263.0,395.0,35771.0,160.0,-3106.0,-91.0
47.0,10.4,5162.0,-44.0,263.0,395.0,35773.0,160.0,-3113.0,-92.0
48.0,10.41,5168.0,-44.0,262.0,395.0,35775.0,160.0,-3121.0,-92.0
49.0,10.42,5175.0,-46.0,262.0,394.0,35778.0,160.0,-3129.0,-94.0
48.0,10.45,5194.0,-45.0,263.0,394.0,35784.0,158.0,-3152.0,-94.0
48.0,10.45,5194.0,-45.0,263.0,394.0,35784.0,158.0,-3152.0,-94.0
48.0,10.46,5201.0,-46.0,263.0,394.0,35787.0,158.0,-3159.0,-93.0
47.0,10.47,5207.0,-43.0,263.0,393.0,35789.0,158.0,-3167.0,-89.0
44.0,10.49,5219.0,-41.0,262.0,393.0,35793.0,157.0,-3181.0,-83.0
42.0,10.5,5225.0,-41.0,261.0,393.0,35795.0,157.0,-3187.0,-80.0
39.0,10.51,5231.0,-38.0,261.0,392.0,35797.0,157.0,-3193.0,-78.0
37.0,10.52,5236.0,-36.0,261.0,392.0,35798.0,157.0,-3199.0,-73.0
32.0,10.54,5245.0,-32.0,262.0,393.0,35802.0,156.0,-3208.0,-61.0
29.0,10.55,5249.0,-28.0,261.0,392.0,35803.0,156.0,-3212.0,-55.0
27.0,10.56,5252.0,-26.0,261.0,392.0,35805.0,156.0,-3216.0,-50.0
23.0,10.57,5255.0,-23.0,261.0,392.0,35806.0,156.0,-3220.0,-45.0
19.0,10.58,5258.0,-19.0,261.0,393.0,35807.0,155.0,-3222.0,-40.0
17.0,10.59,5260.0,-17.0,261.0,392.0,35808.0,156.0,-3225.0,-34.0
10.0,10.61,5263.0,-11.0,261.0,392.0,35809.0,155.0,-3228.0,-22.0
7.0,10.62,5264.0,-9.0,261.0,392.0,35810.0,155.0,-3229.0,-15.0
7.0,10.62,5264.0,-9.0,261.0,392.0,35810.0,155.0,-3229.0,-15.0
4.0,10.63,5265.0,-5.0,262.0,392.0,35811.0,155.0,-3229.0,-7.0
-1.0,10.64,5265.0,-2.0,261.0,393.0,35811.0,156.0,-3229.0,0.0
-7.0,10.66,5263.0,6.0,261.0,392.0,35811.0,155.0,-3226.0,13.0
-10.0,10.67,5262.0,8.0,261.0,393.0,35811.0,155.0,-3225.0,19.0
-14.0,10.68,5260.0,13.0,261.0,393.0,35810.0,155.0,-3222.0,26.0
-16.0,10.69,5257.0,16.0,261.0,392.0,35809.0,156.0,-3220.0,32.0
-25.0,10.72,5248.0,24.0,261.0,394.0,35806.0,157.0,-3208.0,49.0
-25.0,10.72,5248.0,24.0,261.0,394.0,35806.0,157.0,-3208.0,49.0
-27.0,10.73,5245.0,25.0,260.0,393.0,35805.0,157.0,-3204.0,54.0
-32.0,10.75,5236.0,29.0,259.0,393.0,35803.0,157.0,-3194.0,60.0
-32.0,10.75,5236.0,29.0,259.0,393.0,35803.0,157.0,-3194.0,60.0
-36.0,10.77,5227.0,32.0,260.0,394.0,35800.0,157.0,-3183.0,68.0
-36.0,10.78,5222.0,35.0,261.0,394.0,35798.0,157.0,-3177.0,71.0
-39.0,10.79,5217.0,36.0,261.0,395.0,35797.0,158.0,-3171.0,75.0
-39.0,10.8,5211.0,37.0,261.0,395.0,35795.0,158.0,-3164.0,77.0
-40.0,10.82,5200.0,39.0,260.0,394.0,35791.0,159.0,-3152.0,78.0
-42.0,10.83,5195.0,40.0,260.0,394.0,35789.0,159.0,-3145.0,77.0
-41.0,10.84,5189.0,39.0,260.0,395.0,35787.0,160.0,-3139.0,78.0
-40.0,10.85,5184.0,38.0,260.0,395.0,35785.0,159.0,-3132.0,80.0
-40.0,10.87,5173.0,38.0,260.0,395.0,35782.0,160.0,-3120.0,75.0
-38.0,10.89,5163.0,35.0,261.0,397.0,35778.0,161.0,-3108.0,73.0
-38.0,10.89,5163.0,35.0,261.0,397.0,35778.0,161.0,-3108.0,73.0
-37.0,10.9,5158.0,33.0,261.0,396.0,35776.0,161.0,-3103.0,70.0
-31.0,10.93,5145.0,28.0,260.0,396.0,35772.0,162.0,-3088.0,55.0
-28.0,10.94,5142.0,25.0,261.0,397.0,35771.0,161.0,-3084.0,51.0
-25.0,10.95,5139.0,24.0,261.0,397.0,35770.0,161.0,-3081.0,46.0
-23.0,10.96,5136.0,22.0,261.0,397.0,35769.0,162.0,-3077.0,44.0
-21.0,10.97,5133.0,18.0,261.0,397.0,35768.0,162.0,-3074.0,40.0
-18.0,10.99,5129.0,15.0,259.0,396.0,35766.0,162.0,-3069.0,29.0
-13.0,11.0,5127.0,12.0,260.0,396.0,35766.0,162.0,-3067.0,23.0
-11.0,11.01,5126.0,10.0,261.0,397.0,35765.0,162.0,-3066.0,17.0
-7.0,11.02,5125.0,8.0,261.0,398.0,35765.0,162.0,-3066.0,12.0
-2.0,11.04,5124.0,3.0,261.0,396.0,35764.0,162.0,-3066.0,3.0
1.0,11.05,5124.0,0.0,260.0,397.0,35764.0,163.0,-3066.0,-3.0
4.0,11.06,5125.0,-3.0,261.0,396.0,35764.0,162.0,-3067.0,-9.0
7.0,11.07,5125.0,-6.0,261.0,396.0,35764.0,163.0,-3069.0,-15.0
15.0,11.09,5129.0,-12.0,261.0,396.0,35765.0,162.0,-3073.0,-26.0
16.0,11.1,5131.0,-15.0,261.0,397.0,35766.0,163.0,-3076.0,-32.0
17.0,11.11,5133.0,-19.0,260.0,396.0,35767.0,162.0,-3079.0,-38.0
20.0,11.12,5136.0,-21.0,260.0,396.0,35768.0,162.0,-3082.0,-43.0
23.0,11.15,5146.0,-27.0,261.0,395.0,35773.0,160.0,-3095.0,-54.0
26.0,11.16,5149.0,-27.0,261.0,395.0,35775.0,160.0,-3099.0,-56.0
29.0,11.17,5153.0,-28.0,262.0,396.0,35776.0,160.0,-3104.0,-57.0
33.0,11.19,5162.0,-28.0,262.0,395.0,35779.0,161.0,-3114.0,-60.0
35.0,11.2,5166.0,-30.0,261.0,395.0,35780.0,161.0,-3119.0,-64.0
35.0,11.21,5171.0,-30.0,261.0,395.0,35781.0,160.0,-3125.0,-67.0
34.0,11.22,5176.0,-34.0,261.0,394.0,35783.0,160.0,-3131.0,-68.0
34.0,11.23,5180.0,-34.0,260.0,394.0,35785.0,160.0,-3136.0,-71.0
31.0,11.24,5185.0,-35.0,261.0,393.0,35787.0,158.0,-3142.0,-72.0
31.0,11.25,5189.0,-30.0,261.0,392.0,35789.0,157.0,-3148.0,-72.0
30.0,11.27,5196.0,-25.0,267.0,396.0,35791.0,158.0,-3157.0,-49.0
36.0,11.28,5201.0,-26.0,264.0,394.0,35791.0,159.0,-3161.0,-39.0
40.0,11.29,5206.0,-28.0,261.0,393.0,35792.0,160.0,-3164.0,-39.0
33.0,11.31,5215.0,-27.0,260.0,393.0,35793.0,159.0,-3174.0,-62.0
33.0,11.32,5219.0,-26.0,261.0,395.0,35794.0,158.0,-3179.0,-65.0
33.0,11.33,5223.0,-29.0,262.0,395.0,35796.0,157.0,-3184.0,-60.0
30.0,11.34,5228.0,-29.0,260.0,394.0,35797.0,157.0,-3188.0,-50.0
25.0,11.35,5231.0,-28.0,260.0,394.0,35799.0,156.0,-3190.0,-40.0
22.0,11.36,5234.0,-26.0,259.0,393.0,35800.0,156.0,-3192.0,-32.0
22.0,11.39,5243.0,-14.0,262.0,396.0,35803.0,154.0,-3198.0,-24.0
22.0,11.39,5243.0,-14.0,262.0,396.0,35803.0,154.0,-3198.0,-24.0
22.0,11.4,5245.0,-8.0,261.0,395.0,35802.0,154.0,-3200.0,-17.0
23.0,11.41,5247.0,-5.0,262.0,396.0,35801.0,155.0,-3201.0,-8.0
25.0,11.42,5249.0,-4.0,260.0,396.0,35800.0,156.0,-3202.0,1.0
26.0,11.43,5251.0,-3.0,256.0,394.0,35798.0,155.0,-3203.0,2.0
5.0,11.45,5253.0,2.0,258.0,394.0,35796.0,155.0,-3204.0,3.0
5.0,11.46,5253.0,5.0,261.0,394.0,35795.0,154.0,-3204.0,13.0
5.0,11.47,5252.0,12.0,263.0,396.0,35793.0,153.0,-3202.0,29.0
7.0,11.48,5252.0,17.0,265.0,397.0,35790.0,156.0,-3199.0,47.0
15.0,11.49,5252.0,18.0,261.0,396.0,35786.0,158.0,-3196.0,58.0
17.0,11.51,5252.0,23.0,255.0,393.0,35777.0,160.0,-3194.0,39.0
11.0,11.52,5252.0,25.0,256.0,396.0,35773.0,160.0,-3194.0,27.0
7.0,11.53,5251.0,24.0,258.0,398.0,35769.0,162.0,-3194.0,26.0
7.0,11.53,5251.0,24.0,258.0,398.0,35769.0,162.0,-3194.0,26.0
1.0,11.54,5250.0,14.0,254.0,396.0,35767.0,162.0,-3192.0,34.0
-21.0,11.56,5247.0,4.0,253.0,394.0,35769.0,160.0,-3184.0,34.0
-28.0,11.57,5244.0,2.0,255.0,396.0,35771.0,159.0,-3179.0,29.0
-29.0,11.59,5239.0,0.0,260.0,396.0,35776.0,156.0,-3171.0,24.0
-26.0,11.6,5237.0,6.0,260.0,397.0,35777.0,155.0,-3167.0,24.0
-26.0,11.6,5237.0,6.0,260.0,397.0,35777.0,155.0,-3167.0,24.0
-21.0,11.61,5234.0,15.0,266.0,398.0,35777.0,152.0,-3164.0,32.0
-11.0,11.62,5233.0,19.0,264.0,398.0,35775.0,156.0,-3161.0,45.0
-4.0,11.64,5230.0,18.0,256.0,394.0,35771.0,157.0,-3154.0,52.0
-8.0,11.65,5228.0,24.0,255.0,395.0,35768.0,158.0,-3152.0,43.0
-9.0,11.66,5226.0,27.0,258.0,397.0,35765.0,159.0,-3151.0,38.0
-10.0,11.67,5224.0,29.0,257.0,395.0,35762.0,159.0,-3149.0,39.0
-20.0,11.69,5218.0,31.0,257.0,396.0,35757.0,161.0,-3144.0,52.0
-24.0,11.7,5214.0,32.0,258.0,395.0,35754.0,162.0,-3141.0,57.0
-28.0,11.71,5210.0,34.0,259.0,394.0,35752.0,163.0,-3137.0,57.0
-29.0,11.72,5206.0,34.0,257.0,393.0,35750.0,165.0,-3134.0,52.0
-30.0,11.73,5202.0,31.0,258.0,393.0,35748.0,166.0,-3131.0,41.0
-31.0,11.75,5194.0,23.0,261.0,395.0,35746.0,168.0,-3127.0,22.0
-32.0,11.76,5191.0,15.0,259.0,393.0,35747.0,168.0,-3125.0,13.0
-36.0,11.77,5187.0,10.0,258.0,392.0,35748.0,167.0,-3124.0,0.0
-40.0,11.78,5184.0,5.0,260.0,393.0,35751.0,166.0,-3123.0,-9.0
-40.0,11.78,5184.0,5.0,260.0,393.0,35751.0,166.0,-3123.0,-9.0
-39.0,11.8,5177.0,-3.0,263.0,395.0,35758.0,164.0,-3121.0,-12.0
-37.0,11.81,5174.0,-8.0,262.0,394.0,35762.0,163.0,-3119.0,-13.0
-31.0,11.83,5170.0,-9.0,263.0,394.0,35770.0,160.0,-3117.0,-23.0
-24.0,11.84,5168.0,-7.0,263.0,396.0,35773.0,159.0,-3117.0,-26.0
-21.0,11.85,5167.0,-6.0,263.0,396.0,35775.0,158.0,-3118.0,-27.0
-18.0,11.86,5166.0,-3.0,261.0,396.0,35777.0,157.0,-3119.0,-26.0
-17.0,11.87,5165.0,-3.0,261.0,396.0,35779.0,157.0,-3120.0,-23.0
-17.0,11.89,5162.0,0.0,260.0,397.0,35782.0,155.0,-3122.0,-15.0
-18.0,11.9,5161.0,2.0,259.0,396.0,35783.0,156.0,-3122.0,-12.0
-18.0,11.91,5159.0,3.0,258.0,395.0,35785.0,155.0,-3122.0,-10.0
-16.0,11.92,5158.0,3.0,259.0,395.0,35786.0,155.0,-3122.0,-11.0
-16.0,11.93,5157.0,4.0,260.0,397.0,35786.0,156.0,-3123.0,-11.0
-15.0,11.94,5155.0,4.0,261.0,398.0,35787.0,157.0,-3124.0,-10.0
-9.0,11.97,5152.0,2.0,261.0,396.0,35788.0,157.0,-3125.0,-7.0
-9.0,11.97,5152.0,2.0,261.0,396.0,35788.0,157.0,-3125.0,-7.0
-3.0,11.99,5152.0,-1.0,262.0,395.0,35789.0,157.0,-3125.0,-8.0
0.0,12.0,5152.0,-2.0,262.0,396.0,35790.0,157.0,-3126.0,-11.0
0.0,12.0,5152.0,-2.0,262.0,396.0,35790.0,157.0,-3126.0,-11.0
4.0,12.01,5152.0,-3.0,263.0,396.0,35790.0,157.0,-3127.0,-12.0
13.0,12.04,5156.0,-6.0,261.0,395.0,35789.0,157.0,-3129.0,-3.0
16.0,12.05,5158.0,-8.0,260.0,394.0,35789.0,157.0,-3130.0,-3.0
18.0,12.06,5160.0,-8.0,261.0,395.0,35789.0,158.0,-3131.0,-6.0
21.0,12.07,5162.0,-7.0,263.0,397.0,35788.0,157.0,-3132.0,-5.0
21.0,12.07,5162.0,-7.0,263.0,397.0,35788.0,157.0,-3132.0,-5.0
24.0,12.08,5164.0,-7.0,262.0,396.0,35787.0,157.0,-3133.0,-4.0
25.0,12.1,5169.0,-6.0,260.0,395.0,35784.0,158.0,-3135.0,-1.0
26.0,12.11,5172.0,-6.0,260.0,396.0,35783.0,158.0,-3136.0,3.0
26.0,12.13,5177.0,-4.0,259.0,395.0,35780.0,158.0,-3137.0,6.0
26.0,12.13,5177.0,-4.0,259.0,395.0,35780.0,158.0,-3137.0,6.0
25.0,12.14,5179.0,-4.0,259.0,394.0,35778.0,159.0,-3138.0,3.0
26.0,12.15,5181.0,-3.0,260.0,395.0,35777.0,159.0,-3140.0,1.0
26.0,12.16,5184.0,-3.0,261.0,395.0,35775.0,160.0,-3141.0,1.0
26.0,12.17,5186.0,-4.0,261.0,395.0,35773.0,160.0,-3142.0,2.0
25.0,12.18,5189.0,-5.0,260.0,395.0,35772.0,161.0,-3143.0,1.0
23.0,12.2,5193.0,-6.0,261.0,394.0,35769.0,162.0,-3145.0,-2.0
23.0,12.21,5196.0,-8.0,260.0,394.0,35768.0,161.0,-3146.0,-5.0
23.0,12.22,5198.0,-8.0,260.0,393.0,35768.0,162.0,-3148.0,-8.0
23.0,12.25,5206.0,-9.0,261.0,394.0,35766.0,162.0,-3153.0,-11.0
23.0,12.25,5206.0,-9.0,261.0,394.0,35766.0,162.0,-3153.0,-11.0
20.0,12.26,5208.0,-9.0,261.0,393.0,35765.0,162.0,-3154.0,-12.0
18.0,12.27,5210.0,-10.0,260.0,393.0,35765.0,162.0,-3156.0,-13.0
16.0,12.29,5214.0,-9.0,260.0,393.0,35765.0,161.0,-3159.0,-18.0
13.0,12.3,5215.0,-11.0,260.0,393.0,35765.0,162.0,-3161.0,-20.0
11.0,12.31,5217.0,-10.0,260.0,393.0,35766.0,162.0,-3163.0,-21.0
3.0,12.34,5220.0,-9.0,260.0,393.0,35768.0,162.0,-3168.0,-23.0
3.0,12.34,5220.0,-9.0,260.0,393.0,35768.0,162.0,-3168.0,-23.0
0.0,12.35,5220.0,-9.0,259.0,393.0,35769.0,161.0,-3170.0,-24.0
-3.0,12.37,5221.0,-9.0,260.0,393.0,35772.0,160.0,-3173.0,-24.0
-5.0,12.38,5221.0,-7.0,261.0,394.0,35773.0,160.0,-3174.0,-23.0
-7.0,12.39,5220.0,-7.0,261.0,394.0,35775.0,160.0,-3176.0,-21.0
-9.0,12.4,5220.0,-6.0,260.0,393.0,35776.0,160.0,-3176.0,-20.0
-11.0,12.42,5218.0,-5.0,260.0,394.0,35780.0,160.0,-3178.0,-21.0
-13.0,12.43,5218.0,-4.0,261.0,395.0,35781.0,159.0,-3179.0,-19.0
-14.0,12.44,5217.0,-3.0,261.0,395.0,35783.0,159.0,-3179.0,-17.0
-13.0,12.45,5216.0,-3.0,260.0,394.0,35784.0,158.0,-3179.0,-13.0
-17.0,12.47,5213.0,0.0,260.0,394.0,35787.0,157.0,-3178.0,-10.0
-18.0,12.48,5212.0,1.0,261.0,394.0,35789.0,157.0,-3178.0,-7.0
-19.0,12.49,5210.0,2.0,261.0,395.0,35790.0,156.0,-3177.0,-3.0
-18.0,12.5,5208.0,4.0,260.0,394.0,35791.0,157.0,-3176.0,0.0
-19.0,12.53,5203.0,9.0,261.0,395.0,35793.0,157.0,-3172.0,10.0
-19.0,12.53,5203.0,9.0,261.0,395.0,35793.0,157.0,-3172.0,10.0
-20.0,12.54,5200.0,10.0,261.0,395.0,35793.0,156.0,-3171.0,13.0
-19.0,12.55,5198.0,11.0,260.0,395.0,35793.0,156.0,-3169.0,17.0
-19.0,12.56,5196.0,12.0,260.0,395.0,35793.0,156.0,-3167.0,19.0
-19.0,12.58,5192.0,14.0,261.0,395.0,35793.0,156.0,-3163.0,24.0
-18.0,12.59,5190.0,15.0,261.0,396.0,35792.0,157.0,-3161.0,28.0
-16.0,12.6,5188.0,16.0,261.0,396.0,35791.0,157.0,-3159.0,31.0
-15.0,12.61,5186.0,16.0,261.0,395.0,35790.0,157.0,-3156.0,34.0
-13.0,12.63,5182.0,18.0,260.0,395.0,35788.0,157.0,-3151.0,37.0
-12.0,12.64,5180.0,18.0,261.0,396.0,35786.0,157.0,-3148.0,39.0
-11.0,12.65,5178.0,18.0,261.0,396.0,35785.0,158.0,-3146.0,40.0
-8.0,12.67,5175.0,18.0,260.0,395.0,35781.0,159.0,-3141.0,40.0
-7.0,12.68,5174.0,18.0,260.0,395.0,35779.0,159.0,-3138.0,39.0
-7.0,12.69,5172.0,17.0,261.0,397.0,35777.0,158.0,-3136.0,39.0
-5.0,12.7,5171.0,17.0,261.0,397.0,35775.0,160.0,-3133.0,40.0
-3.0,12.71,5170.0,15.0,260.0,396.0,35774.0,160.0,-3131.0,40.0
-3.0,12.73,5168.0,14.0,259.0,395.0,35770.0,161.0,-3127.0,33.0
0.0,12.75,5167.0,11.0,261.0,397.0,35767.0,162.0,-3123.0,29.0
2.0,12.76,5167.0,10.0,260.0,396.0,35765.0,161.0,-3122.0,27.0
2.0,12.77,5167.0,8.0,259.0,395.0,35764.0,162.0,-3120.0,24.0
3.0,12.78,5167.0,7.0,260.0,395.0,35763.0,162.0,-3119.0,20.0
3.0,12.78,5167.0,7.0,260.0,395.0,35763.0,162.0,-3119.0,20.0
6.0,12.8,5167.0,3.0,260.0,395.0,35761.0,162.0,-3118.0,14.0
6.0,12.81,5168.0,2.0,260.0,395.0,35760.0,163.0,-3118.0,10.0
8.0,12.83,5169.0,-1.0,260.0,395.0,35759.0,163.0,-3118.0,1.0
9.0,12.84,5170.0,-3.0,260.0,394.0,35758.0,162.0,-3119.0,-3.0
9.0,12.85,5171.0,-3.0,260.0,395.0,35758.0,162.0,-3120.0,-7.0
10.0,12.87,5173.0,-7.0,261.0,395.0,35758.0,163.0,-3123.0,-15.0
11.0,12.91,5179.0,-13.0,260.0,394.0,35760.0,162.0,-3131.0,-30.0
11.0,12.91,5179.0,-13.0,260.0,394.0,35760.0,162.0,-3131.0,-30.0
10.0,12.92,5181.0,-14.0,260.0,395.0,35761.0,162.0,-3133.0,-32.0
10.0,12.93,5183.0,-16.0,260.0,394.0,35763.0,162.0,-3136.0,-35.0
10.0,12.95,5186.0,-17.0,260.0,394.0,35765.0,161.0,-3141.0,-38.0
11.0,12.96,5188.0,-17.0,260.0,395.0,35767.0,161.0,-3144.0,-40.0
11.0,12.97,5190.0,-18.0,260.0,394.0,35768.0,161.0,-3147.0,-42.0
10.0,12.99,5194.0,-19.0,260.0,394.0,35771.0,160.0,-3154.0,-44.0
10.0,13.0,5195.0,-18.0,262.0,395.0,35773.0,159.0,-3157.0,-44.0
10.0,13.01,5197.0,-19.0,262.0,396.0,35775.0,159.0,-3160.0,-41.0
10.0,13.02,5199.0,-18.0,260.0,395.0,35776.0,159.0,-3162.0,-40.0
9.0,13.03,5201.0,-18.0,260.0,394.0,35778.0,159.0,-3165.0,-41.0
8.0,13.05,5204.0,-16.0,261.0,394.0,35781.0,158.0,-3171.0,-41.0
8.0,13.06,5205.0,-16.0,261.0,395.0,35783.0,158.0,-3173.0,-38.0
8.0,13.07,5207.0,-15.0,261.0,395.0,35784.0,157.0,-3176.0,-35.0
8.0,13.07,5207.0,-15.0,261.0,395.0,35784.0,157.0,-3176.0,-35.0
6.0,13.08,5208.0,-14.0,261.0,394.0,35786.0,158.0,-3178.0,-33.0
6.0,13.1,5211.0,-12.0,261.0,394.0,35788.0,157.0,-3181.0,-28.0
4.0,13.11,5212.0,-10.0,260.0,394.0,35789.0,156.0,-3183.0,-25.0
4.0,13.12,5213.0,-9.0,261.0,394.0,35790.0,157.0,-3184.0,-21.0
2.0,13.13,5213.0,-7.0,261.0,395.0,35791.0,157.0,-3185.0,-17.0
2.0,13.15,5214.0,-4.0,261.0,394.0,35792.0,157.0,-3187.0,-10.0
1.0,13.16,5215.0,-3.0,261.0,394.0,35792.0,156.0,-3187.0,-7.0
-1.0,13.18,5214.0,0.0,260.0,394.0,35792.0,157.0,-3187.0,-1.0
-1.0,13.18,5214.0,0.0,260.0,394.0,35792.0,157.0,-3187.0,-1.0
0.0,13.2,5214.0,3.0,261.0,395.0,35792.0,157.0,-3187.0,8.0
-3.0,13.21,5213.0,5.0,260.0,394.0,35791.0,157.0,-3186.0,12.0
-3.0,13.22,5213.0,7.0,260.0,394.0,35791.0,157.0,-3185.0,14.0
-6.0,13.24,5211.0,9.0,260.0,394.0,35789.0,158.0,-3182.0,20.0
-5.0,13.25,5210.0,10.0,261.0,394.0,35788.0,157.0,-3180.0,23.0
-5.0,13.26,5209.0,11.0,261.0,395.0,35787.0,157.0,-3179.0,25.0
-7.0,13.27,5208.0,12.0,261.0,395.0,35786.0,159.0,-3177.0,28.0
-7.0,13.27,5208.0,12.0,261.0,395.0,35786.0,159.0,-3177.0,28.0
-6.0,13.28,5206.0,13.0,261.0,395.0,35785.0,158.0,-3175.0,31.0
-7.0,13.3,5204.0,14.0,260.0,394.0,35782.0,159.0,-3170.0,32.0
-8.0,13.31,5202.0,14.0,259.0,394.0,35781.0,159.0,-3168.0,32.0
-9.0,13.32,5201.0,16.0,261.0,395.0,35779.0,159.0,-3166.0,33.0
-9.0,13.33,5199.0,15.0,261.0,395.0,35778.0,160.0,-3164.0,37.0
-8.0,13.34,5198.0,16.0,260.0,396.0,35777.0,160.0,-3161.0,38.0
-9.0,13.35,5196.0,16.0,259.0,394.0,35775.0,160.0,-3159.0,37.0
-10.0,13.36,5195.0,16.0,259.0,394.0,35774.0,160.0,-3157.0,35.0
-10.0,13.38,5192.0,15.0,260.0,395.0,35771.0,161.0,-3152.0,33.0
-11.0,13.39,5190.0,15.0,260.0,394.0,35770.0,161.0,-3150.0,32.0
-10.0,13.4,5189.0,14.0,260.0,394.0,35769.0,160.0,-3148.0,31.0
-9.0,13.41,5187.0,13.0,261.0,395.0,35768.0,161.0,-3146.0,29.0
-10.0,13.43,5184.0,12.0,259.0,394.0,35767.0,162.0,-3141.0,26.0
-10.0,13.44,5183.0,11.0,259.0,394.0,35766.0,161.0,-3140.0,23.0
-11.0,13.45,5182.0,9.0,260.0,395.0,35765.0,162.0,-3138.0,20.0
-8.0,13.47,5180.0,8.0,261.0,396.0,35765.0,162.0,-3135.0,17.0
-8.0,13.48,5179.0,7.0,259.0,395.0,35764.0,161.0,-3134.0,14.0
-7.0,13.5,5177.0,5.0,260.0,396.0,35764.0,162.0,-3133.0,7.0
-7.0,13.5,5177.0,5.0,260.0,396.0,35764.0,162.0,-3133.0,7.0
-6.0,13.52,5176.0,3.0,260.0,395.0,35764.0,161.0,-3133.0,2.0
-6.0,13.52,5176.0,3.0,260.0,395.0,35764.0,161.0,-3133.0,2.0
-5.0,13.54,5176.0,1.0,260.0,395.0,35765.0,161.0,-3133.0,-3.0
-3.0,13.55,5176.0,-1.0,260.0,396.0,35765.0,161.0,-3134.0,-5.0
-3.0,13.56,5176.0,-2.0,261.0,396.0,35765.0,161.0,-3134.0,-7.0
-2.0,13.57,5176.0,-3.0,259.0,395.0,35766.0,160.0,-3135.0,-9.0
-1.0,13.59,5177.0,-6.0,260.0,395.0,35767.0,160.0,-3137.0,-13.0
0.0,13.6,5178.0,-6.0,260.0,396.0,35768.0,160.0,-3139.0,-15.0
1.0,13.61,5178.0,-6.0,259.0,395.0,35769.0,160.0,-3140.0,-17.0
4.0,13.64,5181.0,-8.0,261.0,396.0,35771.0,160.0,-3145.0,-20.0
4.0,13.64,5181.0,-8.0,261.0,396.0,35771.0,160.0,-3145.0,-20.0
5.0,13.65,5182.0,-8.0,260.0,395.0,35771.0,160.0,-3147.0,-21.0
4.0,13.66,5183.0,-10.0,260.0,394.0,35772.0,159.0,-3149.0,-23.0
5.0,13.67,5185.0,-10.0,260.0,394.0,35773.0,159.0,-3151.0,-24.0
5.0,13.68,5186.0,-10.0,261.0,395.0,35774.0,159.0,-3153.0,-24.0
7.0,13.69,5187.0,-10.0,261.0,396.0,35775.0,159.0,-3155.0,-24.0
9.0,13.71,5190.0,-10.0,260.0,395.0,35776.0,159.0,-3159.0,-22.0
9.0,13.72,5192.0,-11.0,260.0,395.0,35777.0,159.0,-3161.0,-23.0
9.0,13.73,5194.0,-11.0,260.0,395.0,35777.0,159.0,-3163.0,-23.0
10.0,13.74,5195.0,-10.0,261.0,395.0,35778.0,158.0,-3165.0,-22.0
10.0,13.75,5197.0,-10.0,261.0,395.0,35778.0,159.0,-3167.0,-20.0
12.0,13.76,5199.0,-10.0,260.0,395.0,35779.0,158.0,-3169.0,-20.0
11.0,13.77,5200.0,-9.0,260.0,395.0,35779.0,158.0,-3170.0,-19.0
10.0,13.79,5203.0,-9.0,261.0,395.0,35780.0,158.0,-3173.0,-15.0
10.0,13.81,5206.0,-7.0,260.0,394.0,35780.0,158.0,-3176.0,-13.0
11.0,13.82,5208.0,-6.0,260.0,394.0,35780.0,158.0,-3177.0,-13.0
11.0,13.82,5208.0,-6.0,260.0,394.0,35780.0,158.0,-3177.0,-13.0
10.0,13.83,5209.0,-5.0,261.0,395.0,35780.0,159.0,-3178.0,-10.0
9.0,13.84,5210.0,-5.0,261.0,395.0,35780.0,159.0,-3179.0,-10.0
10.0,13.85,5212.0,-5.0,260.0,394.0,35779.0,158.0,-3180.0,-7.0
9.0,13.86,5213.0,-4.0,260.0,394.0,35779.0,158.0,-3181.0,-6.0
7.0,13.89,5215.0,-3.0,260.0,394.0,35778.0,159.0,-3182.0,-1.0
7.0,13.89,5215.0,-3.0,260.0,394.0,35778.0,159.0,-3182.0,-1.0
5.0,13.92,5218.0,-1.0,260.0,395.0,35778.0,159.0,-3182.0,1.0
5.0,13.92,5218.0,-1.0,260.0,395.0,35778.0,159.0,-3182.0,1.0
5.0,13.93,5218.0,0.0,260.0,394.0,35777.0,159.0,-3182.0,2.0
3.0,13.94,5218.0,1.0,260.0,395.0,35777.0,159.0,-3182.0,3.0
2.0,13.96,5219.0,2.0,260.0,395.0,35776.0,160.0,-3181.0,6.0
2.0,13.97,5219.0,2.0,259.0,394.0,35776.0,159.0,-3181.0,8.0
0.0,13.98,5219.0,3.0,260.0,393.0,35775.0,159.0,-3180.0,7.0
-2.0,13.99,5218.0,4.0,260.0,394.0,35775.0,159.0,-3180.0,6.0
-2.0,14.0,5218.0,4.0,261.0,395.0,35775.0,160.0,-3179.0,7.0
-3.0,14.02,5217.0,5.0,260.0,394.0,35774.0,160.0,-3178.0,10.0
-5.0,14.03,5216.0,4.0,259.0,393.0,35774.0,160.0,-3177.0,10.0
-6.0,14.04,5216.0,6.0,260.0,395.0,35773.0,160.0,-3176.0,9.0
-6.0,14.05,5215.0,6.0,261.0,395.0,35773.0,160.0,-3175.0,10.0
-7.0,14.06,5214.0,5.0,260.0,395.0,35773.0,160.0,-3174.0,12.0
-8.0,14.07,5213.0,7.0,260.0,394.0,35773.0,160.0,-3173.0,12.0
-9.0,14.09,5211.0,6.0,261.0,395.0,35773.0,160.0,-3170.0,11.0
-10.0,14.1,5210.0,6.0,260.0,395.0,35773.0,160.0,-3169.0,11.0
-9.0,14.11,5209.0,6.0,259.0,394.0,35772.0,160.0,-3168.0,11.0
-10.0,14.12,5208.0,7.0,260.0,395.0,35772.0,160.0,-3167.0,11.0
-11.0,14.14,5205.0,7.0,260.0,396.0,35772.0,160.0,-3165.0,12.0
-11.0,14.15,5204.0,7.0,259.0,395.0,35772.0,160.0,-3163.0,12.0
-11.0,14.16,5203.0,7.0,259.0,394.0,35772.0,160.0,-3162.0,10.0
-11.0,14.16,5203.0,7.0,259.0,394.0,35772.0,160.0,-3162.0,10.0
-12.0,14.17,5202.0,6.0,260.0,394.0,35772.0,160.0,-3161.0,9.0
-10.0,14.18,5201.0,6.0,261.0,395.0,35772.0,160.0,-3160.0,8.0
-10.0,14.21,5197.0,6.0,260.0,395.0,35773.0,160.0,-3158.0,9.0
-9.0,14.22,5197.0,5.0,260.0,395.0,35773.0,160.0,-3157.0,9.0
-10.0,14.23,5196.0,5.0,260.0,395.0,35773.0,160.0,-3156.0,9.0
-8.0,14.24,5195.0,5.0,259.0,395.0,35773.0,159.0,-3155.0,8.0
-7.0,14.25,5194.0,4.0,260.0,395.0,35773.0,160.0,-3154.0,7.0
-7.0,14.26,5194.0,4.0,260.0,395.0,35773.0,160.0,-3153.0,7.0
-6.0,14.27,5193.0,3.0,261.0,396.0,35773.0,159.0,-3153.0,6.0
-5.0,14.28,5193.0,3.0,260.0,396.0,35773.0,160.0,-3152.0,7.0
-6.0,14.29,5192.0,3.0,260.0,395.0,35773.0,159.0,-3151.0,5.0
-4.0,14.3,5192.0,2.0,260.0,395.0,35773.0,159.0,-3151.0,4.0
-3.0,14.32,5192.0,2.0,261.0,396.0,35773.0,160.0,-3150.0,3.0
-2.0,14.33,5192.0,1.0,260.0,395.0,35773.0,160.0,-3150.0,3.0
-1.0,14.34,5192.0,1.0,259.0,395.0,35773.0,159.0,-3150.0,3.0
0.0,14.35,5192.0,0.0,260.0,395.0,35773.0,160.0,-3150.0,1.0
1.0,14.36,5192.0,1.0,261.0,395.0,35773.0,160.0,-3150.0,1.0
1.0,14.37,5193.0,0.0,260.0,396.0,35773.0,160.0,-3150.0,1.0
3.0,14.39,5194.0,0.0,259.0,395.0,35772.0,160.0,-3150.0,0.0
3.0,14.4,5194.0,-2.0,259.0,395.0,35772.0,160.0,-3150.0,-1.0
3.0,14.4,5194.0,-2.0,259.0,395.0,35772.0,160.0,-3150.0,-1.0
5.0,14.41,5195.0,-1.0,260.0,395.0,35772.0,160.0,-3151.0,-3.0
5.0,14.42,5196.0,-2.0,260.0,395.0,35772.0,160.0,-3151.0,-3.0
7.0,14.44,5198.0,-3.0,261.0,396.0,35771.0,160.0,-3152.0,-4.0
8.0,14.45,5199.0,-3.0,260.0,396.0,35771.0,160.0,-3153.0,-4.0
7.0,14.46,5200.0,-4.0,260.0,395.0,35771.0,160.0,-3153.0,-5.0
7.0,14.47,5201.0,-4.0,259.0,394.0,35771.0,160.0,-3154.0,-7.0
8.0,14.49,5203.0,-4.0,260.0,395.0,35771.0,160.0,-3156.0,-9.0
9.0,14.5,5204.0,-5.0,261.0,396.0,35771.0,160.0,-3157.0,-9.0
9.0,14.51,5206.0,-4.0,260.0,396.0,35770.0,160.0,-3158.0,-8.0
10.0,14.52,5207.0,-5.0,260.0,395.0,35770.0,160.0,-3159.0,-9.0
8.0,14.53,5208.0,-6.0,260.0,395.0,35770.0,161.0,-3160.0,-10.0
8.0,14.55,5210.0,-5.0,260.0,394.0,35771.0,160.0,-3162.0,-11.0
9.0,14.56,5212.0,-6.0,259.0,394.0,35771.0,160.0,-3163.0,-13.0
9.0,14.57,5213.0,-6.0,260.0,394.0,35771.0,160.0,-3165.0,-14.0
8.0,14.58,5214.0,-6.0,260.0,395.0,35771.0,160.0,-3166.0,-13.0
7.0,14.6,5216.0,-7.0,260.0,395.0,35771.0,160.0,-3168.0,-11.0
6.0,14.61,5217.0,-6.0,259.0,395.0,35772.0,159.0,-3169.0,-12.0
6.0,14.62,5218.0,-7.0,259.0,394.0,35772.0,160.0,-3170.0,-13.0
5.0,14.63,5219.0,-7.0,260.0,394.0,35773.0,160.0,-3171.0,-14.0
5.0,14.65,5221.0,-6.0,260.0,394.0,35774.0,159.0,-3173.0,-14.0
4.0,14.66,5222.0,-5.0,260.0,394.0,35774.0,159.0,-3174.0,-14.0
4.0,14.67,5222.0,-5.0,261.0,395.0,35774.0,159.0,-3175.0,-12.0
4.0,14.67,5222.0,-5.0,261.0,395.0,35774.0,159.0,-3175.0,-12.0
4.0,14.68,5223.0,-5.0,260.0,395.0,35775.0,159.0,-3175.0,-10.0
1.0,14.7,5224.0,-4.0,259.0,394.0,35775.0,159.0,-3176.0,-8.0
1.0,14.71,5224.0,-4.0,260.0,394.0,35776.0,159.0,-3176.0,-8.0
0.0,14.72,5224.0,-3.0,260.0,394.0,35776.0,159.0,-3177.0,-7.0
1.0,14.73,5225.0,-2.0,260.0,394.0,35777.0,159.0,-3177.0,-7.0
0.0,14.75,5225.0,0.0,260.0,395.0,35777.0,159.0,-3177.0,-5.0
-2.0,14.76,5225.0,0.0,261.0,396.0,35777.0,159.0,-3177.0,-2.0
-2.0,14.77,5225.0,0.0,260.0,394.0,35778.0,159.0,-3177.0,-1.0
-3.0,14.78,5224.0,1.0,259.0,394.0,35778.0,159.0,-3176.0,0.0
-3.0,14.81,5223.0,2.0,260.0,395.0,35778.0,159.0,-3175.0,3.0
-3.0,14.81,5223.0,2.0,260.0,395.0,35778.0,159.0,-3175.0,3.0
-6.0,14.82,5223.0,3.0,261.0,394.0,35779.0,159.0,-3174.0,4.0
-5.0,14.83,5222.0,3.0,260.0,395.0,35779.0,159.0,-3173.0,5.0
-6.0,14.84,5222.0,4.0,261.0,395.0,35779.0,159.0,-3172.0,7.0
-6.0,14.87,5219.0,5.0,259.0,394.0,35778.0,159.0,-3169.0,11.0
-6.0,14.87,5219.0,5.0,259.0,394.0,35778.0,159.0,-3169.0,11.0
-7.0,14.88,5219.0,5.0,260.0,394.0,35778.0,158.0,-3168.0,11.0
-7.0,14.89,5218.0,6.0,260.0,395.0,35778.0,159.0,-3167.0,11.0
-7.0,14.91,5216.0,7.0,260.0,394.0,35777.0,159.0,-3164.0,14.0
-7.0,14.92,5215.0,7.0,260.0,395.0,35777.0,159.0,-3163.0,15.0
-7.0,14.93,5214.0,7.0,260.0,395.0,35777.0,159.0,-3161.0,16.0
-8.0,14.94,5213.0,7.0,260.0,395.0,35776.0,159.0,-3160.0,15.0
-5.0,14.97,5211.0,7.0,259.0,395.0,35775.0,160.0,-3156.0,15.0
-5.0,14.97,5211.0,7.0,259.0,395.0,35775.0,160.0,-3156.0,15.0
-7.0,14.98,5210.0,7.0,260.0,395.0,35775.0,160.0,-3154.0,15.0
-6.0,14.99,5209.0,7.0,260.0,396.0,35774.0,160.0,-3153.0,15.0
-4.0,15.01,5208.0,7.0,260.0,395.0,35773.0,160.0,-3151.0,15.0
-4.0,15.01,5208.0,7.0,260.0,395.0,35773.0,160.0,-3151.0,15.0
-4.0,15.03,5207.0,6.0,260.0,395.0,35772.0,160.0,-3149.0,14.0
-4.0,15.04,5206.0,6.0,260.0,396.0,35772.0,160.0,-3148.0,13.0
-3.0,15.05,5206.0,6.0,260.0,395.0,35771.0,160.0,-3147.0,13.0
-2.0,15.08,5205.0,4.0,260.0,395.0,35770.0,160.0,-3145.0,9.0
-2.0,15.08,5205.0,4.0,260.0,395.0,35770.0,160.0,-3145.0,9.0
-2.0,15.09,5205.0,3.0,261.0,396.0,35770.0,160.0,-3144.0,7.0
-1.0,15.1,5204.0,2.0,260.0,395.0,35770.0,160.0,-3144.0,7.0
0.0,15.14,5205.0,0.0,259.0,395.0,35769.0,160.0,-3144.0,0.0
0.0,15.14,5205.0,0.0,259.0,395.0,35769.0,160.0,-3144.0,0.0
1.0,15.15,5205.0,-1.0,255.0,391.0,35769.0,160.0,-3144.0,0.0
-1.0,15.17,5205.0,-2.0,264.0,400.0,35769.0,161.0,-3146.0,-12.0
4.0,15.18,5206.0,-2.0,271.0,408.0,35769.0,161.0,-3146.0,0.0
7.0,15.19,5206.0,-2.0,263.0,399.0,35769.0,161.0,-3145.0,11.0
4.0,15.2,5207.0,-3.0,251.0,386.0,35769.0,161.0,-3145.0,1.0
1.0,15.22,5208.0,-7.0,262.0,397.0,35770.0,160.0,-3148.0,-23.0
5.0,15.23,5208.0,-6.0,268.0,404.0,35771.0,160.0,-3149.0,-16.0
10.0,15.24,5209.0,-4.0,266.0,401.0,35771.0,160.0,-3150.0,-5.0
8.0,15.25,5210.0,-2.0,258.0,394.0,35770.0,160.0,-3150.0,-3.0
2.0,15.27,5211.0,-7.0,256.0,392.0,35771.0,160.0,-3152.0,-16.0
1.0,15.28,5212.0,-7.0,261.0,396.0,35772.0,160.0,-3153.0,-16.0
2.0,15.29,5212.0,-6.0,262.0,396.0,35773.0,159.0,-3154.0,-13.0
6.0,15.3,5213.0,-6.0,261.0,395.0,35773.0,159.0,-3154.0,-12.0
5.0,15.32,5215.0,-5.0,260.0,394.0,35774.0,160.0,-3156.0,-13.0
5.0,15.32,5215.0,-5.0,260.0,394.0,35774.0,160.0,-3156.0,-13.0
4.0,15.33,5216.0,-7.0,258.0,393.0,35774.0,160.0,-3158.0,-16.0
3.0,15.35,5217.0,-7.0,263.0,397.0,35776.0,159.0,-3159.0,-16.0
7.0,15.36,5218.0,-6.0,263.0,399.0,35776.0,159.0,-3160.0,-11.0
7.0,15.38,5220.0,-5.0,256.0,390.0,35777.0,159.0,-3162.0,-10.0
4.0,15.4,5221.0,-5.0,260.0,395.0,35777.0,159.0,-3164.0,-18.0
4.0,15.4,5221.0,-5.0,260.0,395.0,35777.0,159.0,-3164.0,-18.0
5.0,15.41,5222.0,-5.0,264.0,398.0,35778.0,159.0,-3165.0,-12.0
4.0,15.43,5223.0,-4.0,258.0,393.0,35778.0,159.0,-3166.0,-3.0
2.0,15.44,5224.0,-3.0,259.0,393.0,35778.0,159.0,-3166.0,-6.0
2.0,15.45,5224.0,-3.0,262.0,397.0,35778.0,159.0,-3167.0,-6.0
3.0,15.46,5224.0,-3.0,263.0,397.0,35779.0,160.0,-3167.0,-3.0
1.0,15.48,5225.0,-2.0,256.0,391.0,35779.0,158.0,-3168.0,-6.0
0.0,15.49,5225.0,-2.0,258.0,393.0,35779.0,158.0,-3168.0,-9.0
0.0,15.51,5225.0,0.0,261.0,397.0,35779.0,158.0,-3169.0,0.0
0.0,15.52,5225.0,2.0,259.0,393.0,35779.0,159.0,-3169.0,3.0
-2.0,15.53,5224.0,3.0,260.0,394.0,35779.0,159.0,-3168.0,3.0
-1.0,15.55,5224.0,2.0,265.0,399.0,35778.0,160.0,-3167.0,11.0
0.0,15.56,5224.0,2.0,261.0,395.0,35778.0,160.0,-3166.0,12.0
-1.0,15.57,5224.0,2.0,256.0,391.0,35778.0,159.0,-3165.0,7.0
-2.0,15.58,5223.0,2.0,255.0,389.0,35778.0,159.0,-3166.0,-1.0
-2.0,15.6,5223.0,3.0,263.0,397.0,35777.0,158.0,-3166.0,1.0
-2.0,15.61,5222.0,5.0,264.0,400.0,35777.0,160.0,-3165.0,11.0
-2.0,15.62,5222.0,6.0,262.0,398.0,35776.0,160.0,-3164.0,20.0
-5.0,15.63,5221.0,7.0,258.0,393.0,35775.0,160.0,-3162.0,21.0
-6.0,15.64,5220.0,4.0,256.0,391.0,35775.0,160.0,-3161.0,16.0
-5.0,15.66,5219.0,4.0,261.0,396.0,35775.0,159.0,-3159.0,7.0
-3.0,15.67,5218.0,5.0,262.0,397.0,35775.0,160.0,-3159.0,7.0
-1.0,15.68,5218.0,6.0,261.0,396.0,35774.0,159.0,-3159.0,9.0
-3.0,15.69,5217.0,5.0,260.0,395.0,35774.0,160.0,-3158.0,10.0
-8.0,15.71,5216.0,4.0,254.0,389.0,35773.0,159.0,-3156.0,10.0
-9.0,15.72,5215.0,5.0,259.0,393.0,35773.0,159.0,-3156.0,5.0
-6.0,15.73,5214.0,5.0,268.0,403.0,35773.0,160.0,-3155.0,10.0
-1.0,15.74,5213.0,5.0,267.0,403.0,35773.0,160.0,-3153.0,22.0
-1.0,15.75,5213.0,6.0,256.0,392.0,35772.0,161.0,-3151.0,23.0
-8.0,15.77,5212.0,2.0,256.0,390.0,35772.0,160.0,-3151.0,-7.0
-6.0,15.78,5211.0,1.0,266.0,401.0,35772.0,160.0,-3151.0,-5.0
-1.0,15.79,5211.0,3.0,269.0,405.0,35772.0,160.0,-3151.0,9.0
0.0,15.8,5211.0,5.0,262.0,399.0,35771.0,159.0,-3150.0,18.0
-6.0,15.82,5210.0,3.0,253.0,389.0,35771.0,160.0,-3148.0,5.0
-7.0,15.83,5209.0,0.0,257.0,393.0,35771.0,159.0,-3148.0,-3.0
-5.0,15.84,5209.0,1.0,262.0,397.0,35772.0,160.0,-3148.0,-4.0
-3.0,15.85,5209.0,0.0,263.0,399.0,35772.0,160.0,-3148.0,1.0
1.0,15.86,5209.0,1.0,260.0,396.0,35772.0,160.0,-3147.0,4.0
-2.0,15.88,5208.0,1.0,258.0,394.0,35771.0,160.0,-3147.0,0.0
-2.0,15.89,5208.0,-1.0,259.0,395.0,35772.0,160.0,-3147.0,0.0
-3.0,15.9,5208.0,-2.0,246.0,380.0,35772.0,157.0,-3147.0,-3.0
-7.0,15.91,5208.0,-2.0,254.0,389.0,35773.0,158.0,-3148.0,-22.0
-3.0,15.92,5208.0,-1.0,278.0,413.0,35774.0,161.0,-3150.0,-15.0
11.0,15.94,5209.0,1.0,259.0,397.0,35772.0,162.0,-3146.0,30.0
3.0,15.95,5210.0,-1.0,239.0,375.0,35772.0,160.0,-3146.0,4.0
-5.0,15.97,5210.0,-8.0,263.0,396.0,35774.0,157.0,-3151.0,-39.0
5.0,15.98,5210.0,-7.0,277.0,411.0,35775.0,158.0,-3152.0,-18.0
12.0,15.99,5211.0,0.0,272.0,408.0,35774.0,159.0,-3152.0,7.0
12.0,16.0,5212.0,4.0,258.0,396.0,35772.0,161.0,-3151.0,17.0
2.0,16.01,5213.0,0.0,248.0,386.0,35772.0,162.0,-3151.0,6.0
-6.0,16.02,5212.0,-4.0,249.0,385.0,35773.0,160.0,-3151.0,-7.0
-3.0,16.04,5212.0,-6.0,260.0,392.0,35776.0,157.0,-3152.0,-20.0
4.0,16.05,5213.0,-4.0,266.0,400.0,35776.0,158.0,-3154.0,-18.0
9.0,16.06,5214.0,-1.0,271.0,406.0,35776.0,160.0,-3155.0,-7.0
10.0,16.07,5215.0,0.0,268.0,405.0,35775.0,162.0,-3155.0,6.0
7.0,16.08,5215.0,-1.0,258.0,394.0,35774.0,162.0,-3154.0,9.0
-3.0,16.1,5216.0,-7.0,250.0,383.0,35776.0,157.0,-3155.0,-19.0
1.0,16.11,5216.0,-7.0,261.0,393.0,35777.0,157.0,-3157.0,-26.0
8.0,16.12,5217.0,-4.0,271.0,405.0,35777.0,158.0,-3159.0,-16.0
15.0,16.13,5219.0,-1.0,271.0,408.0,35776.0,160.0,-3159.0,3.0
13.0,16.14,5220.0,2.0,262.0,400.0,35774.0,162.0,-3159.0,13.0
5.0,16.15,5220.0,2.0,253.0,391.0,35774.0,162.0,-3159.0,7.0
-2.0,16.16,5220.0,-2.0,256.0,392.0,35774.0,162.0,-3159.0,-4.0
-1.0,16.18,5221.0,-6.0,253.0,386.0,35776.0,157.0,-3159.0,-12.0
3.0,16.19,5221.0,-4.0,254.0,385.0,35776.0,156.0,-3160.0,-19.0
3.0,16.2,5222.0,-2.0,261.0,396.0,35776.0,157.0,-3162.0,-22.0
5.0,16.21,5222.0,0.0,270.0,406.0,35776.0,160.0,-3163.0,-7.0
3.0,16.22,5222.0,1.0,267.0,404.0,35775.0,161.0,-3163.0,11.0
-6.0,16.24,5222.0,-2.0,251.0,385.0,35776.0,160.0,-3160.0,7.0
-6.0,16.25,5221.0,-4.0,252.0,384.0,35777.0,158.0,-3160.0,-7.0
-1.0,16.26,5221.0,-6.0,258.0,390.0,35778.0,157.0,-3161.0,-18.0
5.0,16.27,5222.0,-4.0,264.0,398.0,35778.0,158.0,-3162.0,-18.0
9.0,16.28,5223.0,2.0,267.0,403.0,35777.0,159.0,-3164.0,-10.0
9.0,16.29,5223.0,3.0,264.0,400.0,35776.0,160.0,-3165.0,0.0
-8.0,16.32,5222.0,-1.0,252.0,386.0,35777.0,158.0,-3164.0,-3.0
-6.0,16.33,5222.0,-2.0,259.0,392.0,35777.0,157.0,-3164.0,-6.0
-1.0,16.34,5222.0,0.0,265.0,399.0,35777.0,158.0,-3164.0,-4.0
2.0,16.35,5222.0,4.0,268.0,403.0,35777.0,160.0,-3164.0,5.0
2.0,16.36,5222.0,6.0,261.0,398.0,35776.0,161.0,-3164.0,10.0
-11.0,16.39,5219.0,1.0,260.0,394.0,35777.0,159.0,-3163.0,-2.0
-7.0,16.4,5219.0,2.0,268.0,402.0,35777.0,159.0,-3162.0,4.0
-2.0,16.41,5218.0,4.0,271.0,406.0,35777.0,160.0,-3161.0,16.0
3.0,16.42,5218.0,7.0,267.0,403.0,35775.0,161.0,-3160.0,24.0
0.0,16.43,5218.0,8.0,259.0,395.0,35774.0,162.0,-3158.0,20.0
-5.0,16.44,5217.0,7.0,253.0,388.0,35774.0,161.0,-3158.0,9.0
-8.0,16.46,5215.0,3.0,265.0,399.0,35774.0,159.0,-3158.0,0.0
-6.0,16.47,5214.0,6.0,272.0,408.0,35774.0,160.0,-3156.0,16.0
-1.0,16.48,5214.0,9.0,272.0,409.0,35773.0,162.0,-3154.0,32.0
0.0,16.49,5213.0,10.0,266.0,405.0,35772.0,163.0,-3151.0,40.0
-8.0,16.51,5212.0,6.0,250.0,386.0,35771.0,161.0,-3146.0,24.0
-12.0,16.52,5210.0,2.0,239.0,373.0,35771.0,158.0,-3145.0,0.0
-15.0,16.53,5209.0,2.0,253.0,386.0,35772.0,156.0,-3146.0,-20.0
-8.0,16.54,5208.0,3.0,268.0,401.0,35773.0,157.0,-3147.0,-8.0
-3.0,16.56,5207.0,9.0,262.0,399.0,35771.0,159.0,-3144.0,28.0
-7.0,16.57,5206.0,10.0,258.0,395.0,35770.0,162.0,-3142.0,29.0
-10.0,16.58,5205.0,5.0,248.0,383.0,35770.0,161.0,-3139.0,23.0
-13.0,16.59,5204.0,-2.0,243.0,375.0,35772.0,159.0,-3138.0,0.0
-2.0,16.61,5203.0,-3.0,271.0,403.0,35774.0,159.0,-3140.0,-22.0
11.0,16.62,5204.0,0.0,280.0,414.0,35773.0,161.0,-3141.0,-3.0
16.0,16.63,5206.0,2.0,272.0,408.0,35772.0,163.0,-3141.0,16.0
12.0,16.64,5206.0,2.0,253.0,392.0,35770.0,163.0,-3141.0,15.0
-4.0,16.66,5207.0,-7.0,251.0,385.0,35772.0,159.0,-3142.0,-22.0
-1.0,16.67,5207.0,-9.0,262.0,396.0,35773.0,157.0,-3143.0,-24.0
7.0,16.68,5208.0,-5.0,269.0,404.0,35773.0,158.0,-3144.0,-12.0
11.0,16.69,5209.0,0.0,267.0,405.0,35772.0,160.0,-3145.0,-1.0
4.0,16.71,5210.0,0.0,255.0,394.0,35771.0,162.0,-3145.0,3.0
-5.0,16.72,5210.0,-3.0,251.0,388.0,35772.0,161.0,-3145.0,-7.0
-9.0,16.73,5210.0,-7.0,252.0,387.0,35774.0,159.0,-3146.0,-17.0
-7.0,16.74,5210.0,-9.0,258.0,391.0,35775.0,157.0,-3146.0,-22.0
6.0,16.76,5211.0,-4.0,266.0,401.0,35776.0,159.0,-3149.0,-11.0
8.0,16.77,5212.0,-1.0,264.0,400.0,35776.0,160.0,-3149.0,-4.0
2.0,16.79,5213.0,-5.0,256.0,390.0,35776.0,161.0,-3150.0,-9.0
2.0,16.79,5213.0,-5.0,256.0,390.0,35776.0,161.0,-3150.0,-9.0
1.0,16.8,5214.0,-8.0,257.0,390.0,35777.0,159.0,-3150.0,-14.0
4.0,16.81,5214.0,-9.0,261.0,393.0,35778.0,158.0,-3151.0,-15.0
12.0,16.82,5216.0,-8.0,265.0,397.0,35778.0,158.0,-3153.0,-14.0
18.0,16.84,5219.0,-2.0,263.0,399.0,35776.0,161.0,-3156.0,-8.0
14.0,16.85,5221.0,-3.0,260.0,397.0,35775.0,161.0,-3157.0,-7.0
8.0,16.86,5222.0,-4.0,256.0,394.0,35775.0,160.0,-3158.0,-7.0
3.0,16.87,5222.0,-7.0,255.0,390.0,35776.0,159.0,-3158.0,-9.0
3.0,16.88,5223.0,-8.0,256.0,390.0,35777.0,158.0,-3159.0,-11.0
4.0,16.9,5225.0,-4.0,261.0,397.0,35777.0,158.0,-3160.0,-10.0
3.0,16.92,5225.0,-1.0,260.0,396.0,35777.0,160.0,-3161.0,-2.0
-5.0,16.94,5225.0,-4.0,255.0,389.0,35779.0,159.0,-3161.0,-7.0
-5.0,16.94,5225.0,-4.0,255.0,389.0,35779.0,159.0,-3161.0,-7.0
-4.0,16.95,5225.0,-4.0,258.0,390.0,35780.0,158.0,-3161.0,-10.0
0.0,16.96,5225.0,-4.0,258.0,390.0,35780.0,158.0,-3161.0,-8.0
3.0,16.97,5226.0,-2.0,255.0,387.0,35780.0,157.0,-3162.0,-8.0
1.0,16.99,5226.0,0.0,254.0,386.0,35780.0,158.0,-3166.0,-19.0
-3.0,17.0,5226.0,0.0,263.0,396.0,35780.0,159.0,-3167.0,-16.0
0.0,17.01,5226.0,1.0,276.0,410.0,35780.0,161.0,-3167.0,0.0
2.0,17.02,5226.0,1.0,282.0,417.0,35780.0,164.0,-3165.0,22.0
3.0,17.05,5227.0,-1.0,245.0,380.0,35778.0,161.0,-3161.0,-5.0
3.0,17.05,5227.0,-1.0,245.0,380.0,35778.0,161.0,-3161.0,-5.0
1.0,17.06,5227.0,-3.0,249.0,383.0,35778.0,157.0,-3164.0,-33.0
1.0,17.07,5228.0,-2.0,262.0,396.0,35779.0,155.0,-3167.0,-34.0
1.0,17.09,5227.0,9.0,264.0,402.0,35777.0,157.0,-3168.0,16.0
-8.0,17.1,5226.0,12.0,257.0,395.0,35776.0,160.0,-3166.0,33.0
-19.0,17.11,5224.0,11.0,256.0,393.0,35776.0,162.0,-3162.0,37.0
-25.0,17.12,5221.0,9.0,262.0,397.0,35777.0,162.0,-3158.0,34.0
-22.0,17.13,5219.0,6.0,267.0,401.0,35778.0,162.0,-3154.0,29.0
-8.0,17.15,5217.0,5.0,252.0,384.0,35778.0,159.0,-3151.0,2.0
-6.0,17.16,5216.0,5.0,254.0,386.0,35778.0,158.0,-3153.0,-19.0
-4.0,17.17,5215.0,5.0,266.0,400.0,35778.0,159.0,-3155.0,-17.0
-2.0,17.18,5215.0,6.0,269.0,403.0,35777.0,159.0,-3155.0,6.0
-4.0,17.19,5214.0,7.0,259.0,394.0,35776.0,159.0,-3153.0,25.0
-9.0,17.2,5213.0,10.0,252.0,386.0,35776.0,159.0,-3151.0,25.0
-9.0,17.22,5211.0,6.0,265.0,399.0,35776.0,161.0,-3146.0,22.0
-3.0,17.23,5210.0,6.0,267.0,402.0,35775.0,161.0,-3144.0,26.0
1.0,17.24,5210.0,8.0,262.0,398.0,35774.0,161.0,-3143.0,20.0
1.0,17.25,5210.0,7.0,256.0,393.0,35773.0,163.0,-3144.0,7.0
-4.0,17.26,5209.0,4.0,255.0,391.0,35773.0,161.0,-3144.0,-5.0
-4.0,17.26,5209.0,4.0,255.0,391.0,35773.0,161.0,-3144.0,-5.0
-6.0,17.28,5208.0,2.0,260.0,396.0,35773.0,158.0,-3145.0,-3.0
-7.0,17.29,5207.0,4.0,260.0,396.0,35773.0,158.0,-3145.0,6.0
-10.0,17.31,5205.0,6.0,257.0,394.0,35773.0,160.0,-3141.0,20.0
-13.0,17.32,5204.0,5.0,257.0,393.0,35773.0,160.0,-3139.0,15.0
-12.0,17.33,5203.0,4.0,258.0,393.0,35774.0,161.0,-3138.0,9.0
-10.0,17.34,5202.0,3.0,259.0,394.0,35774.0,160.0,-3137.0,3.0
-7.0,17.35,5201.0,2.0,262.0,395.0,35775.0,160.0,-3137.0,-2.0
-2.0,17.36,5201.0,3.0,264.0,397.0,35774.0,160.0,-3138.0,-3.0
3.0,17.38,5201.0,2.0,265.0,400.0,35774.0,161.0,-3138.0,1.0
4.0,17.39,5201.0,1.0,263.0,400.0,35773.0,161.0,-3138.0,4.0
4.0,17.4,5202.0,0.0,262.0,398.0,35773.0,161.0,-3138.0,4.0
4.0,17.41,5202.0,-1.0,261.0,396.0,35773.0,161.0,-3138.0,3.0
