data,alcohol
"[23534, 24013, 26216, 26172, 26108, 25037, 24095, 23649, 23437, 23394, 23366, 23343, 23332, 23326, 23324, 23322, 23316, 23296, 23306, 23302, 23295, 23292, 23289, 23281, 23276, 23275, 23271, 23268, 23268, 23266, 23267, 23265, 23265, 23266, 23250, 23270, 23270, 23271, 23270, 23270, 23268, 23267, 23265, 23264, 23269, 23272, 23275]",False
"[23797, 24164, 26134, 26143, 26142, 26120, 25365, 24403, 23872, 23720, 23652, 23598, 23609, 23598, 23591, 23586, 23584, 23582, 23577, 23555, 23545, 23560, 23556, 23557, 23555, 23559, 23562, 23568, 23543, 23569, 23572, 23573, 23574, 23578, 23576, 23579, 23550, 23536, 23585, 23585, 23588, 23591, 23595, 23598, 23603, 23595, 23596]",False
"[23899, 24905, 26249, 26359, 26335, 26225, 25453, 24501, 24006, 23876, 23807, 23773, 23774, 23770, 23765, 23717, 23745, 23745, 23732, 23720, 23722, 23721, 23722, 23698, 23711, 23724, 23729, 23732, 23735, 23737, 23741, 23745, 23695, 23756, 23755, 23762, 23759, 23766, 23772, 23776, 23773, 23763, 23783, 23788, 23795, 23795, 23801]",False
"[23967, 24384, 26285, 26237, 26228, 26188, 26178, 26157, 26076, 25326, 24484, 24028, 23772, 23712, 23676, 23631, 23628, 23616, 23605, 23600, 23546, 23581, 23580, 23576, 23573, 23569, 23564, 23562, 23563, 23523, 23564, 23562, 23560, 23561, 23565, 23567, 23567, 23539, 23567, 23577, 23581, 23584, 23586, 23593, 23592, 23592, 23553]",False
"[23859, 24287, 26269, 26188, 26115, 25477, 24510, 24093, 23938, 24693, 25973, 26052, 25053, 24353, 24047, 23945, 23908, 23942, 24621, 24848, 24274, 24028, 23933, 23897, 23881, 23826, 23874, 23878, 23881, 23886, 23890, 23893, 23895, 23844, 23884, 23908, 23909, 23912, 23916, 23920, 23921, 23928, 23883, 23939, 23938, 23941, 23943]",False
"[24287, 24601, 26126, 26260, 26276, 26253, 25607, 25716, 26141, 26052, 25059, 24525, 24291, 24205, 24170, 24107, 24147, 24151, 24147, 24148, 24115, 24144, 24149, 24145, 24128, 24162, 24152, 24158, 24160, 24158, 24154, 24160, 24140, 24159, 24090, 24158, 24157, 24158, 24157, 24157, 24139, 24098, 24152, 24162, 24164, 24167, 24172]",False
"[21114, 21908, 25517, 25472, 25551, 24928, 24724, 23700, 22129, 21664, 21437, 21331, 21281, 21251, 21236, 21217, 21228, 21224, 21221, 21216, 21216, 21226, 21230, 21233, 21233, 21236, 21239, 21247, 21263, 21271, 21276, 21284, 21291, 21298, 21311, 21322, 21331, 21337, 21345, 21359, 21369, 21380, 21393, 21399, 21411, 21426, 21435]",False
"[22116, 22858, 26068, 25943, 25854, 25812, 25777, 24643, 23018, 22481, 22234, 22126, 22068, 22041, 22030, 22016, 22007, 22004, 21993, 21988, 21988, 21982, 21976, 21972, 21959, 21968, 21968, 21967, 21967, 21968, 21968, 21963, 21967, 21978, 21982, 21985, 21984, 21992, 21990, 21993, 22007, 22008, 22013, 22016, 22021, 22025, 22026]",False
"[22485, 23099, 25984, 25957, 25966, 25899, 24612, 23420, 22756, 22553, 22461, 22426, 22401, 22382, 22373, 22357, 22352, 22347, 22346, 22343, 22339, 22337, 22335, 22331, 22330, 22325, 22323, 22326, 22320, 22324, 22324, 22320, 22323, 22327, 22329, 22331, 22331, 22317, 22344, 22340, 22352, 22354, 22355, 22329, 22360, 22358, 22366]",False
"[22675, 25453, 25811, 25686, 25461, 24617, 23570, 23038, 22783, 22701, 22669, 22657, 22650, 22641, 22637, 22637, 22634, 22637, 22641, 22639, 22639, 22634, 22647, 22650, 22651, 22656, 22656, 22658, 22659, 22657, 22672, 22672, 22678, 22691, 22700, 22707, 22714, 22719, 22731, 22742, 22748, 22749, 22756, 22753, 22749, 22776, 22776]",False
"[15239, 15988, 19742, 19924, 20031, 20071, 19290, 16770, 15316, 14836, 14599, 14443, 14335, 14249, 14177, 14103, 14049, 13999, 13926, 13901, 13853, 13808, 13765, 13725, 13687, 13650, 13599, 13579, 13546, 13515, 13485, 13457, 13415, 13402, 13374, 13325, 13326, 13300, 13279, 13256, 13233, 13212, 13195, 13169, 13147, 13128, 13116]",False
"[15418, 16127, 19829, 20221, 20437, 20309, 18381, 16463, 15477, 15142, 14980, 14865, 14785, 14723, 14668, 14617, 14574, 14526, 14475, 14452, 14416, 14380, 14344, 14313, 14278, 14252, 14206, 14193, 14166, 14140, 14115, 14089, 14066, 14042, 14012, 13981, 13976, 13954, 13934, 13915, 13894, 13876, 13852, 13824, 13814, 13805, 13787]",False
"[15514, 16342, 20349, 20418, 20394, 20395, 20295, 18558, 16168, 15629, 15332, 15171, 15077, 15013, 14966, 14917, 14897, 14866, 14835, 14808, 14784, 14760, 14737, 14696, 14689, 14673, 14655, 14638, 14622, 14604, 14585, 14572, 14542, 14548, 14531, 14519, 14505, 14494, 14484, 14475, 14442, 14453, 14446, 14437, 14430, 14423, 14413]",False
"[13634, 14259, 17014, 17383, 17967, 18379, 17221, 15025, 13942, 13558, 13357, 13244, 13175, 13126, 13086, 13054, 13026, 12999, 12980, 12964, 12950, 12937, 12926, 12914, 12904, 12897, 12889, 12883, 12878, 12865, 12868, 12866, 12866, 12865, 12866, 12864, 12868, 12870, 12873, 12874, 12875, 12874, 12873, 12874, 12878, 12882, 12884]",False
"[15065, 15945, 20338, 20538, 20692, 18963, 16728, 15671, 15154, 14949, 14840, 14779, 14739, 14709, 14689, 14666, 14654, 14647, 14636, 14627, 14623, 14620, 14614, 14612, 14609, 14603, 14595, 14598, 14589, 14591, 14584, 14576, 14563, 14549, 14557, 14552, 14545, 14536, 14531, 14523, 14519, 14519, 14518, 14511, 14516, 14516, 14516]",False
"[14996, 15857, 20168, 20327, 20360, 20325, 20203, 17485, 15669, 15101, 14804, 14651, 14564, 14508, 14469, 14438, 14400, 14389, 14375, 14364, 14354, 14347, 14339, 14334, 14326, 14328, 14332, 14333, 14330, 14335, 14339, 14343, 14344, 14315, 14309, 14320, 14319, 14324, 14324, 14323, 14303, 14319, 14314, 14326, 14329, 14326, 14332]",False
"[14665, 15542, 19809, 19944, 19806, 18822, 16216, 14845, 14106, 13866, 13715, 13609, 13529, 13463, 13400, 13347, 13302, 13262, 13220, 13180, 13146, 13111, 13078, 13049, 13021, 12990, 12967, 12942, 12918, 12896, 12876, 12855, 12836, 12817, 12803, 12787, 12769, 12755, 12742, 12727, 12716, 12700, 12657, 12675, 12672, 12663, 12654]",False
"[12500, 13343, 17683, 18009, 17947, 17376, 14783, 13206, 12457, 12220, 12086, 12001, 11953, 11914, 11885, 11861, 11839, 11814, 11799, 11775, 11768, 11753, 11740, 11728, 11716, 11706, 11697, 11688, 11676, 11671, 11665, 11659, 11650, 11644, 11640, 11641, 11634, 11633, 11630, 11626, 11623, 11622, 11614, 11619, 11620, 11613, 11613]",False
"[12849, 13637, 17855, 18259, 18340, 18045, 15400, 13844, 13108, 12874, 12748, 12680, 12638, 12609, 12587, 12569, 12557, 12549, 12543, 12538, 12537, 12535, 12535, 12540, 12544, 12549, 12555, 12559, 12567, 12574, 12582, 12592, 12601, 12609, 12618, 12628, 12638, 12649, 12659, 12667, 12677, 12687, 12698, 12708, 12720, 12724, 12733]",False
"[11829, 12611, 16602, 16766, 16982, 15377, 13323, 12409, 11927, 11781, 11684, 11624, 11577, 11569, 11538, 11511, 11495, 11477, 11479, 11472, 11484, 11484, 11484, 11484, 11484, 11482, 11489, 11493, 11489, 11502, 11504, 11516, 11528, 11541, 11548, 11561, 11576, 11586, 11604, 11618, 11632, 11647, 11658, 11674, 11697, 11707, 11722]",False
"[13469, 14320, 18430, 18421, 18436, 18408, 18571, 16205, 14352, 13804, 13515, 13359, 13271, 13214, 13174, 13141, 13108, 13084, 13066, 13055, 13043, 13030, 13020, 13014, 13004, 13003, 13003, 13002, 13000, 13003, 13006, 13008, 13016, 13019, 13013, 13025, 13034, 13040, 13052, 13054, 13070, 13078, 13083, 13099, 13104, 13110, 13128]",False
"[14157, 15678, 18624, 18830, 18925, 18697, 18180, 17172, 18144, 18215, 16093, 15027, 14444, 14264, 14195, 14146, 14101, 14116, 14113, 14113, 14114, 14117, 14119, 14122, 14127, 14131, 14140, 14143, 14145, 14150, 14166, 14179, 14186, 14194, 14192, 14196, 14212, 14217, 14230, 14238, 14247, 14257, 14267, 14276, 14286, 14291, 14306]",False
"[15670, 17630, 19998, 20263, 20514, 20425, 18751, 16847, 15894, 15600, 15446, 15369, 15312, 15294, 15275, 15257, 15244, 15235, 15222, 15220, 15216, 15206, 15201, 15199, 15193, 15194, 15192, 15192, 15192, 15191, 15191, 15193, 15195, 15194, 15198, 15194, 15204, 15207, 15207, 15217, 15223, 15223, 15230, 15231, 15238, 15244, 15248]",False
"[15892, 16789, 20727, 20544, 20368, 20882, 21401, 19193, 17143, 16482, 16142, 15971, 15896, 15847, 15816, 15791, 15773, 15759, 15752, 15743, 15739, 15735, 15726, 15720, 15722, 15720, 15723, 15722, 15717, 15718, 15724, 15735, 15738, 15741, 15735, 15743, 15748, 15756, 15762, 15766, 15770, 15771, 15770, 15779, 15783, 15782, 15789]",False
"[21994, 22657, 25283, 25136, 25201, 25024, 23484, 22185, 21513, 21297, 21181, 21114, 21086, 21075, 21070, 21068, 21072, 21095, 21115, 21135, 21162, 21179, 21213, 21244, 21274, 21304, 21333, 21365, 21407, 21455, 21505, 21550, 21580, 21625, 21662, 21693, 21716, 21741, 21759, 21792, 21801, 21851, 21878, 21898, 21889, 21922, 21923]",False
"[23287, 23736, 25710, 25576, 25508, 25403, 24147, 23151, 22618, 22446, 22351, 22284, 22249, 22216, 22210, 22195, 22185, 22178, 22177, 22172, 22176, 22182, 22181, 22188, 22198, 22203, 22211, 22216, 22226, 22236, 22240, 22238, 22234, 22240, 22246, 22239, 22266, 22275, 22291, 22303, 22316, 22335, 22349, 22358, 22373, 22392, 22410]",False
"[13574, 13887, 15124, 14712, 14335, 13980, 12448, 9801, 8232, 7625, 7199, 6889, 6649, 6462, 6305, 6183, 6076, 5989, 5915, 5850, 5795, 5747, 5707, 5672, 5643, 5618, 5594, 5577, 5561, 5547, 5535, 5525, 5517, 5512, 5505, 5502, 5499, 5497, 5496, 5494, 5494, 5495, 5494, 5496, 5500, 5504, 5507]",True
"[22504, 22979, 25061, 24874, 24723, 24530, 24388, 23664, 21658, 20946, 20657, 20522, 20470, 20444, 20426, 20417, 20427, 20429, 20428, 20432, 20443, 20455, 20464, 20473, 20483, 20487, 20504, 20516, 20541, 20556, 20563, 20578, 20595, 20602, 20620, 20635, 20639, 20658, 20676, 20691, 20701, 20709, 20719, 20733, 20750, 20761, 20774]",True
"[18503, 19345, 23179, 23031, 22781, 22661, 22373, 19918, 18043, 17332, 16953, 16744, 16635, 16562, 16518, 16503, 16481, 16455, 16451, 16442, 16424, 16448, 16457, 16467, 16476, 16504, 16522, 16541, 16566, 16590, 16618, 16638, 16671, 16703, 16736, 16763, 16785, 16806, 16858, 16886, 16916, 16945, 16966, 16989, 17021, 17038, 17083]",True
"[22383, 22911, 25232, 25021, 24879, 24777, 24560, 23952, 22053, 21405, 21174, 21060, 21042, 21013, 20983, 20991, 20956, 20924, 20918, 20911, 20905, 20897, 20887, 20894, 20915, 20927, 20945, 20957, 20996, 21034, 21079, 21116, 21141, 21182, 21213, 21247, 21274, 21300, 21330, 21351, 21393, 21424, 21449, 21464, 21487, 21514, 21536]",True
"[22760, 22770, 24678, 24551, 23453, 21763, 20965, 20645, 20513, 20527, 20521, 20532, 20556, 20566, 20601, 20623, 20645, 20666, 20694, 20715, 20745, 20766, 20786, 20813, 20814, 20860, 20944, 21077, 21133, 21195, 21256, 21317, 21352, 21373, 21429, 21443, 21436, 21455, 21445, 21436, 21435, 21428, 21458, 21466, 21479, 21482, 21494]",True
"[13229, 13531, 16642, 16729, 16719, 16798, 16849, 14713, 12508, 11906, 11608, 11458, 11378, 11331, 11294, 11277, 11263, 11249, 11241, 11233, 11230, 11221, 11218, 11206, 11200, 11203, 11203, 11202, 11200, 11204, 11204, 11208, 11209, 11213, 11211, 11219, 11223, 11226, 11227, 11229, 11243, 11252, 11273, 11288, 11306, 11320, 11337]",True
"[15190, 16105, 20506, 20523, 20243, 19749, 17887, 15829, 14731, 14324, 14072, 13887, 13752, 13651, 13557, 13480, 13409, 13340, 13278, 13224, 13172, 13124, 13071, 13030, 12982, 12941, 12905, 12870, 12836, 12804, 12773, 12750, 12727, 12704, 12678, 12638, 12641, 12619, 12607, 12595, 12580, 12567, 12552, 12540, 12540, 12528, 12523]",True
"[21422, 22267, 26136, 25969, 25891, 25382, 23677, 22454, 21776, 21587, 21513, 21495, 21498, 21487, 21518, 21527, 21541, 21543, 21555, 21561, 21559, 21579, 21582, 21589, 21596, 21594, 21602, 21613, 21616, 21622, 21625, 21633, 21640, 21652, 21656, 21660, 21662, 21671, 21676, 21683, 21693, 21695, 21704, 21714, 21722, 21728, 21729]",False
"[23517, 24020, 26234, 26222, 26187, 26134, 25848, 24508, 23567, 23360, 23282, 23262, 23267, 23268, 23269, 23261, 23249, 23239, 23244, 23239, 23227, 23231, 23198, 23201, 23199, 23201, 23207, 23212, 23196, 23205, 23193, 23202, 23213, 23229, 23229, 23230, 23233, 23241, 23241, 23239, 23241, 23241, 23240, 23240, 23243, 23239, 23242]",False
"[16446, 17373, 21648, 21558, 21640, 21627, 20002, 18020, 17016, 16710, 16553, 16466, 16416, 16399, 16378, 16369, 16363, 16361, 16353, 16349, 16346, 16347, 16345, 16344, 16345, 16344, 16346, 16345, 16351, 16341, 16351, 16357, 16358, 16365, 16367, 16368, 16371, 16369, 16380, 16385, 16388, 16390, 16393, 16398, 16403, 16404, 16409]",False
"[13693, 14358, 17119, 16737, 16406, 15694, 12564, 11288, 10900, 10831, 10822, 10840, 10866, 10892, 10921, 10952, 10986, 11022, 11052, 11079, 11102, 11127, 11153, 11177, 11210, 11235, 11262, 11284, 11314, 11343, 11371, 11392, 11430, 11461, 11492, 11517, 11543, 11568, 11590, 11615, 11647, 11679, 11713, 11739, 11775, 11805, 11834]",True
"[14050, 15135, 20124, 19822, 19555, 19279, 17748, 14630, 13246, 12826, 12652, 12586, 12566, 12570, 12573, 12587, 12604, 12615, 12629, 12647, 12660, 12667, 12669, 12695, 12712, 12727, 12743, 12761, 12782, 12796, 12815, 12833, 12851, 12874, 12897, 12915, 12932, 12941, 12958, 12976, 12990, 13009, 13025, 13034, 13046, 13059, 13074]",True
"[14557, 15877, 20783, 20944, 18921, 16723, 15734, 15276, 15050, 14986, 14954, 14943, 14939, 14941, 14945, 14950, 14963, 14971, 14983, 14988, 15003, 15003, 15027, 15041, 15053, 15057, 15070, 15084, 15098, 15112, 15118, 15129, 15146, 15154, 15170, 15179, 15187, 15200, 15214, 15225, 15233, 15243, 15252, 15264, 15275, 15287, 15293]",False
"[16347, 11154, 11729, 12438, 12652, 12637, 12720, 10741, 9353, 9206, 9284, 9464, 9671, 9859, 10079, 10268, 10447, 10613, 10773, 10917, 11058, 11187, 11315, 11434, 11545, 11656, 11758, 11852, 11946, 12037, 12120, 12204, 12282, 12363, 12435, 12508, 12570, 12646, 12711, 12776, 12838, 12895, 12951, 13008, 13048, 13114, 13167]",True
"[20218, 21139, 24027, 23726, 23424, 21443, 17928, 15952, 14685, 14097, 13697, 13409, 13197, 13038, 12911, 12808, 12734, 12672, 12625, 12589, 12562, 12544, 12530, 12528, 12526, 12538, 12555, 12582, 12612, 12644, 12676, 12714, 12746, 12790, 12832, 12862, 12870, 12871, 12876, 12892, 12915, 12946, 12984, 13020, 13078, 13132, 13185]",True
"[18851, 19791, 24233, 24255, 24066, 21601, 19811, 18932, 18516, 18444, 18442, 18479, 18531, 18593, 18651, 18708, 18761, 18808, 18847, 18893, 18942, 18976, 19010, 19045, 19073, 19111, 19134, 19166, 19189, 19211, 19233, 19246, 19278, 19290, 19314, 19329, 19343, 19369, 19386, 19405, 19419, 19431, 19437, 19449, 19466, 19479, 19498]",False
"[20380, 21207, 25082, 24905, 24755, 24266, 21972, 19906, 18641, 18154, 17832, 17617, 17449, 17318, 17193, 17092, 17005, 16976, 16946, 16948, 16990, 17034, 17074, 17118, 17162, 17192, 17235, 17270, 17303, 17336, 17363, 17389, 17417, 17444, 17481, 17503, 17526, 17561, 17595, 17638, 17638, 17650, 17651, 17647, 17653, 17647, 17639]",True
"[18579, 19747, 25086, 24742, 24658, 24809, 24693, 22198, 18554, 17170, 16368, 15923, 15626, 15418, 15249, 15116, 15000, 14899, 14804, 14723, 14647, 14585, 14533, 14495, 14457, 14430, 14403, 14376, 14368, 14350, 14344, 14337, 14325, 14319, 14312, 14310, 14302, 14308, 14304, 14308, 14310, 14316, 14322, 14326, 14329, 14336, 14340]",True
"[19245, 20216, 24475, 24023, 23725, 23588, 22901, 19733, 17782, 17341, 17152, 17066, 17029, 17008, 17002, 17003, 17005, 17000, 16995, 16986, 16996, 16999, 17002, 17007, 16998, 17000, 17006, 17011, 17070, 17146, 17159, 17183, 17202, 17228, 17249, 17264, 17271, 17303, 17319, 17335, 17348, 17367, 17386, 17404, 17423, 17441, 17461]",True
"[11552, 12774, 18750, 18654, 18612, 18429, 15664, 12840, 11444, 11001, 10739, 10571, 10457, 10368, 10295, 10234, 10176, 10121, 10087, 10044, 10010, 9974, 9943, 9916, 9889, 9863, 9839, 9818, 9801, 9785, 9770, 9756, 9742, 9731, 9713, 9709, 9701, 9695, 9688, 9684, 9677, 9674, 9671, 9671, 9668, 9666, 9666]",True
"[13298, 14646, 20172, 19934, 19686, 19516, 16538, 14119, 12823, 12354, 12050, 11837, 11676, 11557, 11455, 11372, 11300, 11236, 11185, 11138, 11100, 11065, 11037, 11008, 10986, 10972, 10960, 10948, 10937, 10927, 10923, 10917, 10915, 10913, 10911, 10913, 10917, 10922, 10928, 10932, 10937, 10948, 10959, 10968, 10980, 10989, 11005]",True
"[12287, 15242, 18575, 18908, 19034, 18999, 17008, 13791, 12188, 11617, 11307, 11134, 11017, 10933, 10868, 10815, 10771, 10736, 10703, 10674, 10648, 10628, 10611, 10597, 10585, 10578, 10571, 10569, 10568, 10572, 10574, 10576, 10582, 10572, 10601, 10609, 10619, 10629, 10641, 10657, 10671, 10686, 10697, 10709, 10723, 10732, 10735]",True
"[14671, 17014, 20764, 20872, 20862, 19337, 16246, 14673, 13882, 13585, 13419, 13326, 13272, 13241, 13226, 13220, 13226, 13241, 13258, 13281, 13302, 13320, 13354, 13386, 13418, 13452, 13484, 13525, 13563, 13609, 13657, 13703, 13747, 13794, 13835, 13875, 13911, 13945, 13976, 14008, 14042, 14071, 14098, 14125, 14150, 14179, 14207]",True
"[19025, 19993, 24656, 24432, 24316, 23251, 20802, 19261, 18288, 17897, 18565, 19164, 19392, 19427, 19382, 19321, 19260, 19190, 18956, 17905, 17277, 16960, 16778, 16659, 16569, 16503, 16443, 16392, 16345, 16289, 16262, 16225, 16191, 16160, 16130, 16101, 16072, 16048, 16017, 16002, 15980, 15957, 15943, 15930, 15916, 15900, 15887]",True
"[17896, 18631, 22837, 23466, 23605, 23841, 22914, 20006, 18093, 17409, 17026, 16791, 16635, 16522, 16421, 16334, 16264, 16199, 16137, 16083, 16041, 15998, 15957, 15923, 15888, 15864, 15840, 15821, 15799, 15780, 15760, 15746, 15734, 15724, 15714, 15701, 15697, 15692, 15692, 15688, 15684, 15673, 15676, 15681, 15680, 15681, 15683]",True
"[23527, 23853, 25964, 25903, 25920, 25837, 25742, 24354, 21727, 21246, 21101, 21097, 21135, 21182, 21226, 21280, 21279, 21338, 21370, 21392, 21412, 21418, 21458, 21479, 21485, 21469, 21520, 21530, 21548, 21558, 21563, 21576, 21587, 21585, 21608, 21616, 21635, 21644, 21655, 21693, 21730, 21756, 21747, 21812, 21829, 21842, 21862]",False
"[21762, 22453, 25715, 25635, 25488, 24761, 23265, 22311, 21719, 21505, 21370, 21281, 21220, 21166, 21129, 21095, 21058, 21033, 21008, 20977, 20954, 20931, 20898, 20891, 20882, 20865, 20854, 20841, 20826, 20814, 20793, 20790, 20781, 20771, 20765, 20759, 20753, 20747, 20741, 20733, 20729, 20726, 20721, 20715, 20715, 20709, 20708]",False
"[21324, 22200, 25593, 25522, 25677, 25072, 23422, 22337, 21679, 21440, 21308, 21229, 21175, 21142, 21113, 21091, 21068, 21055, 21036, 21017, 21010, 20997, 20990, 20979, 20967, 20961, 20949, 20951, 20945, 20940, 20935, 20937, 20933, 20931, 20926, 20924, 20922, 20918, 20922, 20919, 20921, 20917, 20919, 20918, 20922, 20918, 20915]",False
"[22245, 22919, 26046, 25719, 25579, 25659, 25030, 23618, 22650, 22313, 22122, 22011, 21947, 21900, 21862, 21836, 21812, 21793, 21769, 21754, 21739, 21720, 21705, 21691, 21675, 21655, 21657, 21648, 21637, 21626, 21616, 21608, 21603, 21595, 21588, 21577, 21575, 21570, 21566, 21561, 21556, 21546, 21536, 21543, 21542, 21540, 21537]",False
"[21830, 22390, 24817, 24681, 24774, 24862, 24338, 21883, 18996, 17470, 16378, 15558, 14904, 14369, 13918, 13530, 13201, 12910, 12652, 12425, 12223, 12040, 11880, 11736, 11606, 11488, 11382, 11284, 11198, 11119, 11048, 10982, 10921, 10859, 10815, 10769, 10726, 10688, 10650, 10619, 10585, 10563, 10538, 10515, 10491, 10472, 10456]",True
"[13688, 14966, 20003, 19849, 19491, 17473, 14376, 12627, 11487, 10963, 10573, 10272, 10034, 9836, 9671, 9529, 9408, 9302, 9211, 9132, 9061, 8999, 8944, 8897, 8853, 8816, 8780, 8752, 8724, 8700, 8681, 8664, 8647, 8633, 8619, 8609, 8602, 8595, 8589, 8585, 8581, 8578, 8575, 8577, 8575, 8575, 8578]",True
"[13664, 14726, 19182, 18453, 17977, 17667, 15408, 12976, 11502, 10844, 10370, 10013, 9733, 9502, 9308, 9143, 8999, 8872, 8764, 8667, 8581, 8506, 8436, 8376, 8319, 8272, 8227, 8186, 8146, 8113, 8083, 8055, 8029, 8005, 7983, 7962, 7948, 7934, 7920, 7907, 7896, 7887, 7879, 7873, 7867, 7862, 7860]",True
"[20961, 24933, 25223, 25108, 24989, 24189, 22620, 21729, 21244, 21077, 20988, 20941, 20914, 20902, 20893, 20880, 20873, 20867, 20869, 20863, 20861, 20855, 20851, 20845, 20845, 20847, 20849, 20845, 20850, 20852, 20846, 20850, 20849, 20850, 20854, 20857, 20861, 20863, 20859, 20864, 20871, 20880, 20882, 20876, 20875, 20879, 20894]",False
"[21576, 22327, 25841, 25843, 25960, 26074, 25994, 24406, 22825, 22184, 21853, 21694, 21610, 21574, 21548, 21535, 21519, 21512, 21509, 21504, 21499, 21479, 21485, 21488, 21483, 21483, 21481, 21473, 21472, 21471, 21476, 21475, 21471, 21465, 21470, 21466, 21474, 21476, 21464, 21477, 21482, 21481, 21486, 21485, 21488, 21490, 21494]",False
"[22098, 22538, 24615, 24340, 23782, 23259, 22316, 19397, 17223, 16334, 15706, 15223, 14831, 14493, 14191, 13919, 13678, 13454, 13253, 13065, 12892, 12732, 12588, 12452, 12329, 12211, 12100, 12000, 11905, 11818, 11736, 11659, 11586, 11519, 11457, 11397, 11344, 11290, 11241, 11198, 11158, 11119, 11079, 11042, 11012, 10979, 10950]",True
"[17910, 19217, 24701, 24495, 24507, 23062, 20645, 19279, 18564, 18360, 18277, 18249, 18247, 18258, 18277, 18297, 18318, 18334, 18356, 18374, 18395, 18415, 18432, 18451, 18459, 18486, 18501, 18517, 18535, 18548, 18565, 18582, 18591, 18613, 18630, 18643, 18656, 18672, 18688, 18705, 18722, 18733, 18751, 18762, 18774, 18793, 18807]",False
"[22698, 23318, 22033, 23307, 22204, 21532, 21194, 21025, 20941, 20909, 20851, 20878, 20900, 20898, 20909, 20919, 20928, 20936, 20947, 20957, 20973, 20986, 20999, 21013, 21017, 21034, 21052, 21065, 21079, 21091, 21100, 21126, 21142, 21159, 21176, 21190, 21202, 21217, 21236, 21252, 21269, 21283, 21297, 21311, 21330, 21348, 21361]",False
"[23507, 24078, 26012, 25880, 25584, 24633, 24001, 23686, 23528, 23493, 23484, 23489, 23494, 23508, 23516, 23503, 23532, 23530, 23528, 23536, 23540, 23549, 23553, 23557, 23563, 23569, 23566, 23571, 23576, 23582, 23589, 23594, 23579, 23596, 23605, 23613, 23611, 23619, 23624, 23628, 23638, 23641, 23643, 23649, 23648, 23660, 23661]",False
"[22622, 22888, 22922, 22943, 22988, 23222, 22985, 23020, 23040, 23058, 23050, 23123, 23081, 23145, 23153, 23195, 23173, 23144, 23193, 23202, 23183, 23156, 23170, 23071, 23070, 23104, 23114, 23174, 23158, 23180, 23240, 23246, 23186, 23259, 23285, 23214, 23264, 23270, 23297, 23219, 23282, 23312, 23358, 23365, 23332, 23348, 23367]",False
"[22059, 22169, 22342, 22369, 22265, 22230, 21997, 21786, 21473, 20853, 20852, 20811, 20873, 20886, 20822, 20801, 20800, 20561, 20785, 20849, 20912, 20985, 21028, 21062, 21095, 21093, 21085, 21069, 21015, 20945, 20875, 20778, 20331, 20446, 20645, 20774, 20795, 20926, 20985, 20936, 21046, 20940, 21069, 21086, 21103, 21091, 21089]",False
"[21667, 20946, 17475, 17441, 16834, 12736, 11076, 10352, 9968, 9819, 9770, 9813, 9871, 9883, 9881, 9872, 9863, 9853, 9849, 9844, 9840, 9838, 9839, 9840, 9840, 9840, 9846, 9850, 9854, 9859, 9865, 9870, 9874, 9879, 9885, 9891, 9896, 9900, 9907, 9913, 9920, 9927, 9933, 9938, 9942, 9951, 9958]",True
"[18375, 18516, 18379, 17448, 17177, 16361, 15546, 14285, 11401, 10540, 10081, 9783, 9586, 9436, 9321, 9229, 9151, 9091, 9040, 9000, 8967, 8937, 8916, 8898, 8885, 8875, 8869, 8864, 8862, 8863, 8864, 8870, 8876, 8886, 8893, 8903, 8914, 8928, 8942, 8956, 8968, 8983, 8997, 9012, 9028, 9042, 9060]",True
"[17285, 17572, 17619, 17619, 17625, 17625, 17631, 17630, 17638, 17639, 17643, 17643, 17648, 17654, 17658, 17653, 17660, 17660, 17663, 17663, 17670, 17671, 17673, 17672, 17660, 17662, 17661, 17660, 17648, 17654, 17649, 17652, 17648, 17646, 17639, 17637, 17637, 17640, 17643, 17644, 17642, 17645, 17649, 17651, 17655, 17648, 17658]",False
"[19113, 19137, 19394, 22711, 23924, 23870, 23604, 23079, 21001, 18204, 17214, 16940, 16894, 16924, 16968, 17007, 17035, 17051, 17054, 17058, 17048, 17039, 17036, 17033, 17025, 17021, 17011, 17011, 17006, 16998, 16989, 16981, 16971, 16960, 16945, 16940, 16931, 16924, 16917, 16911, 16906, 16902, 16901, 16894, 16896, 16896, 16897]",True
"[18950, 18915, 19014, 20340, 23177, 23568, 23198, 22672, 19454, 17003, 16197, 16004, 16009, 16068, 16132, 16180, 16219, 16253, 16267, 16290, 16301, 16302, 16305, 16300, 16296, 16299, 16293, 16303, 16307, 16307, 16303, 16298, 16293, 16296, 16296, 16284, 16294, 16291, 16294, 16290, 16292, 16277, 16276, 16279, 16284, 16281, 16282]",True
"[17964, 18015, 19666, 22963, 23435, 23111, 22630, 21644, 18277, 16336, 15643, 15390, 15289, 15263, 15259, 15270, 15289, 15309, 15331, 15352, 15372, 15392, 15415, 15432, 15445, 15461, 15472, 15493, 15508, 15521, 15532, 15544, 15552, 15563, 15571, 15572, 15595, 15606, 15611, 15621, 15629, 15644, 15648, 15654, 15669, 15679, 15687]",True
"[18688, 18692, 19296, 23237, 24425, 24144, 23558, 22839, 18984, 17297, 16717, 16570, 16567, 16607, 16660, 16707, 16734, 16781, 16808, 16834, 16856, 16872, 16888, 16903, 16919, 16933, 16946, 16957, 16966, 16976, 16984, 16993, 17000, 16998, 17008, 17019, 17030, 17037, 17044, 17042, 17053, 17065, 17071, 17078, 17084, 17089, 17095]",True
"[18522, 18728, 21901, 23490, 23415, 23446, 23105, 22764, 21645, 18482, 16999, 16393, 16120, 16007, 15960, 15935, 15940, 15949, 15972, 15993, 16015, 16039, 16063, 16086, 16112, 16135, 16155, 16176, 16198, 16221, 16242, 16264, 16276, 16297, 16320, 16334, 16353, 16370, 16381, 16400, 16414, 16425, 16448, 16457, 16477, 16499, 16517]",True
"[20073, 20164, 20182, 20645, 20317, 20073, 19776, 17726, 14420, 13705, 13463, 13370, 13325, 13315, 13330, 13355, 13380, 13415, 13442, 13467, 13491, 13517, 13542, 13575, 13606, 13637, 13664, 13690, 13718, 13745, 13768, 13790, 13811, 13832, 13850, 13869, 13888, 13904, 13917, 13928, 13939, 13955, 13962, 13980, 13988, 13999, 14022]",True
"[20618, 20563, 21444, 24058, 24386, 24383, 24368, 22891, 18930, 17509, 16779, 16390, 16171, 16036, 15952, 15883, 15845, 15816, 15795, 15784, 15779, 15777, 15781, 15781, 15799, 15812, 15826, 15840, 15855, 15870, 15889, 15907, 15920, 15946, 15966, 15992, 16013, 16038, 16060, 16086, 16103, 16135, 16161, 16180, 16195, 16219, 16240]",True
"[18397, 18416, 19497, 22655, 23006, 22459, 22161, 21810, 17469, 16636, 16398, 16357, 16382, 16435, 16472, 16469, 16714, 20154, 19003, 16952, 16459, 16452, 16573, 16717, 16847, 16956, 17043, 17118, 17176, 17224, 17267, 17308, 17340, 17368, 17391, 17409, 17431, 17446, 17468, 17485, 17497, 17511, 17528, 17544, 17561, 17572, 17592]",True
"[18165, 18350, 20622, 23805, 24325, 24186, 23411, 23608, 23537, 22903, 21200, 18044, 16720, 16335, 16272, 16339, 16425, 16512, 16589, 16644, 16700, 16741, 16775, 16801, 16821, 16834, 16843, 16850, 16857, 16861, 16867, 16871, 16877, 16879, 16883, 16885, 16886, 16886, 16892, 16899, 16905, 16912, 16916, 16917, 16923, 16929, 16935]",True
"[15056, 15230, 18719, 22113, 22429, 22358, 21956, 21626, 18082, 15778, 14889, 14576, 14468, 14458, 14492, 14550, 14610, 14672, 14734, 14798, 14862, 14925, 14987, 15046, 15104, 15161, 15219, 15273, 15326, 15376, 15425, 15472, 15518, 15554, 15592, 15631, 15668, 15703, 15736, 15767, 15793, 15824, 15849, 15884, 15913, 15941, 15964]",True
"[18546, 18652, 20568, 23932, 24394, 24222, 23892, 23593, 20798, 18086, 16800, 16193, 15878, 15690, 15583, 15523, 15498, 15486, 15478, 15492, 15506, 15523, 15541, 15562, 15585, 15603, 15658, 15768, 15871, 15965, 16044, 16129, 16252, 16404, 16532, 16642, 16732, 16811, 16877, 16930, 16986, 17037, 17083, 17113, 17159, 17193, 17229]",True
"[18705, 18735, 18841, 21257, 23712, 24114, 24079, 23920, 23568, 23288, 22031, 19895, 17858, 16604, 16022, 15852, 15917, 16012, 16091, 16171, 16239, 16294, 16336, 16374, 16399, 16432, 16456, 16473, 16491, 16501, 16518, 16532, 16540, 16541, 16561, 16565, 16580, 16587, 16596, 16598, 16607, 16616, 16622, 16625, 16631, 16633, 16636]",True
"[18341, 18480, 20303, 23729, 24514, 24464, 24398, 24391, 24159, 22755, 19380, 17763, 17228, 17097, 17097, 17133, 17175, 17213, 17245, 17277, 17296, 17319, 17332, 17342, 17358, 17369, 17377, 17386, 17394, 17401, 17411, 17420, 17427, 17432, 17439, 17447, 17451, 17463, 17469, 17475, 17477, 17484, 17484, 17493, 17495, 17500, 17499]",True
"[18327, 18283, 18278, 18242, 19573, 23763, 24509, 24519, 24280, 22864, 19343, 17506, 16866, 16674, 16646, 16675, 16719, 16762, 16813, 16851, 16889, 16922, 16953, 16978, 17004, 17022, 17042, 17066, 17083, 17104, 17121, 17132, 17143, 17154, 17171, 17184, 17197, 17214, 17229, 17244, 17259, 17273, 17282, 17296, 17310, 17323, 17335]",True
"[18383, 18461, 18483, 18478, 18474, 18452, 18921, 22682, 24340, 24364, 24186, 24038, 23521, 20157, 18189, 17493, 17272, 17241, 17263, 17300, 17336, 17371, 17402, 17428, 17452, 17471, 17485, 17503, 17525, 17543, 17558, 17573, 17585, 17602, 17609, 17625, 17633, 17639, 17651, 17659, 17664, 17667, 17672, 17674, 17680, 17682, 17686]",True
"[18134, 18193, 19358, 22234, 24048, 24079, 23789, 23539, 23299, 23119, 22729, 20335, 17743, 16633, 16119, 15844, 15706, 15630, 15603, 15590, 15589, 15592, 15600, 15607, 15629, 15640, 15650, 15669, 15684, 15698, 15713, 15727, 15739, 15751, 15765, 15776, 15788, 15795, 15803, 15815, 15823, 15834, 15843, 15842, 15861, 15874, 15886]",True
"[12515, 13813, 20007, 20236, 19416, 20075, 19818, 18413, 14973, 13703, 13153, 12904, 12733, 12707, 12664, 12632, 12565, 12575, 12531, 12518, 12507, 12499, 12480, 12462, 12457, 12441, 12423, 12426, 12416, 12338, 12401, 12391, 12383, 12373, 12363, 12342, 12357, 12344, 12334, 12328, 12283, 12219, 12239, 12290, 12315, 12310, 12255]",False
"[13798, 15358, 22226, 22034, 21858, 21180, 17898, 15617, 14607, 14218, 14048, 13946, 13824, 13620, 13814, 13786, 13749, 13727, 13705, 13686, 13665, 13472, 13637, 13621, 13609, 13600, 13557, 13549, 13546, 13543, 13407, 13513, 13494, 13355, 13426, 13464, 13317, 13293, 13319, 13171, 13337, 13354, 13149, 13384, 13373, 13393, 13413]",False
"[14156, 20888, 21406, 21308, 21267, 21211, 20734, 16622, 15018, 14293, 14040, 13894, 13788, 13771, 13543, 13726, 13717, 13708, 13691, 13547, 13687, 13671, 13675, 13648, 13664, 13609, 13655, 13513, 13571, 13643, 13632, 13588, 13626, 13620, 13614, 13484, 13520, 13617, 13613, 13601, 13608, 13593, 13552, 13515, 13447, 13602, 13598]",False
"[13770, 14640, 18989, 19455, 19330, 19315, 19337, 17851, 15162, 14464, 14068, 13771, 13753, 13767, 13730, 13716, 13693, 13717, 13727, 13742, 13574, 13781, 13806, 13829, 13855, 13876, 13898, 13919, 13933, 13875, 14005, 14029, 14050, 14082, 14114, 14158, 14186, 14087, 14232, 14119, 14272, 14282, 14298, 14311, 14184, 14221, 14311]",False
"[15900, 16906, 21842, 21753, 21677, 21173, 20172, 19241, 17755, 16598, 16225, 15762, 15878, 15841, 15833, 15830, 15814, 15804, 15798, 15794, 15715, 15847, 15851, 15798, 15830, 15843, 15862, 15878, 15764, 15870, 15905, 15899, 15537, 15921, 15922, 15936, 15867, 15836, 15976, 15983, 16001, 16012, 16031, 16044, 16052, 15980, 16030]",False
"[14969, 15697, 19036, 18806, 18796, 18638, 18250, 17451, 16081, 14707, 14041, 13662, 13425, 13243, 13093, 12949, 12832, 12713, 12625, 12515, 12446, 12369, 12296, 12232, 12189, 12148, 12124, 12090, 12072, 12055, 12037, 12020, 12015, 12005, 11997, 11985, 11952, 11961, 11955, 11948, 11930, 11926, 11913, 11895, 11869, 11880, 11871]",True
"[18898, 19029, 19755, 19458, 19106, 18723, 18330, 17794, 17191, 15592, 15140, 14905, 14757, 14607, 14434, 14541, 14404, 14404, 14153, 14338, 14278, 14250, 14072, 14175, 14160, 14003, 14098, 14069, 14062, 14037, 14002, 13844, 13977, 13972, 13963, 13940, 13935, 13928, 13925, 13872, 13896, 13849, 13877, 13871, 13853, 13872, 13867]",True
"[24735, 24751, 25212, 26288, 26505, 26503, 26479, 26438, 26408, 26280, 25122, 24299, 23930, 23762, 23678, 23633, 23605, 23584, 23569, 23556, 23546, 23540, 23536, 23538, 23545, 23540, 23528, 23551, 23559, 23569, 23578, 23580, 23606, 23622, 23628, 23380, 23273, 23286, 23536, 23576, 23443, 23629, 23688, 23729, 23769, 23643, 23744]",False
"[24571, 24635, 25700, 26296, 26414, 26449, 26370, 25835, 23795, 23276, 23137, 23134, 23158, 23189, 23217, 23249, 23272, 23291, 23313, 23343, 23370, 23394, 23417, 23438, 23456, 23471, 23491, 23512, 23532, 23550, 23566, 23580, 23595, 23595, 23634, 23648, 23665, 23675, 23691, 23710, 23725, 23733, 23750, 23763, 23777, 23782, 23797]",False
"[23988, 24037, 24985, 25877, 25638, 25446, 25452, 25444, 25384, 23819, 22528, 22184, 22161, 22225, 22303, 22380, 22448, 22503, 22552, 22594, 22637, 22666, 22706, 22743, 22770, 22791, 22814, 22838, 22857, 22875, 22894, 22909, 22927, 22949, 22957, 22983, 22997, 23012, 23029, 23045, 23058, 23061, 23061, 23083, 23112, 23124, 23136]",False
"[24693, 24720, 25443, 26512, 26619, 26579, 26526, 26493, 25988, 24932, 24353, 24160, 24099, 24082, 24079, 24086, 24090, 24090, 24086, 24085, 24086, 24084, 24083, 24084, 24081, 24058, 24089, 24091, 24094, 24099, 24100, 24105, 24112, 24116, 24121, 24128, 24131, 24139, 24149, 24155, 24164, 24161, 24157, 24186, 24196, 24201, 24212]",False
"[15184, 16174, 21267, 21119, 21239, 21020, 20606, 19942, 17150, 15631, 14899, 14556, 14317, 14145, 13987, 13869, 13745, 13670, 13569, 13484, 13357, 13320, 13255, 13167, 13107, 12988, 12997, 12944, 12838, 12846, 12800, 12733, 12684, 12671, 12644, 12196, 12516, 12498, 12471, 12430, 12424, 12406, 12350, 12336, 12333, 12312, 12288]",True
"[15158, 16112, 21284, 21323, 21182, 20921, 18437, 16279, 15297, 14916, 14712, 14592, 14510, 14441, 14385, 14333, 14290, 14245, 14207, 14171, 14135, 14104, 14071, 14045, 14017, 13991, 13970, 13944, 13926, 13902, 13886, 13867, 13849, 13835, 13817, 13806, 13790, 13779, 13766, 13754, 13742, 13734, 13723, 13714, 13706, 13697, 13691]",False
"[13550, 14471, 19574, 19751, 19637, 19493, 19249, 16436, 14290, 13535, 13192, 13028, 12927, 12837, 12818, 12782, 12748, 12715, 12684, 12651, 12614, 12556, 12576, 12552, 12531, 12507, 12468, 12473, 12450, 12378, 12358, 12375, 12387, 12369, 12355, 12335, 12329, 12271, 12268, 12290, 12278, 12269, 12239, 12250, 12238, 12228, 12145]",False
"[12738, 13855, 19174, 18893, 18613, 18077, 17666, 17088, 14362, 13188, 12653, 12388, 12259, 12137, 12068, 12001, 11933, 11906, 11865, 11828, 11782, 11759, 11703, 11691, 11664, 11635, 11611, 11576, 11564, 11544, 11526, 11512, 11489, 11478, 11465, 11446, 11436, 11334, 11417, 11400, 11384, 11378, 11354, 11341, 11353, 11353, 11340]",False
"[14142, 15192, 20531, 20446, 18756, 16132, 15002, 14399, 14221, 14108, 14046, 13999, 13965, 13861, 13897, 13873, 13849, 13740, 13780, 13784, 13771, 13706, 13739, 13729, 13720, 13705, 13694, 13682, 13641, 13666, 13655, 13642, 13638, 13615, 13618, 13612, 13610, 13598, 13598, 13396, 13500, 13596, 13570, 13571, 13502, 13574, 13571]",False
"[13358, 14252, 19091, 19284, 19019, 16571, 14425, 13434, 13084, 12693, 12792, 12699, 12622, 12467, 12515, 12459, 12410, 12360, 12280, 12254, 12212, 12171, 12172, 12137, 12046, 12083, 12030, 12001, 12001, 11976, 11935, 11922, 11912, 11898, 11873, 11298, 11857, 11807, 11806, 11796, 11781, 11772, 11730, 11647, 11695, 11729, 11714]",False
"[13060, 14009, 18665, 18710, 17081, 14204, 13188, 12482, 12225, 12041, 11929, 11723, 11739, 11657, 11582, 11500, 11428, 11390, 11315, 11279, 11226, 11175, 11120, 11097, 11051, 11005, 10367, 10971, 10890, 10878, 10854, 10824, 10798, 10602, 10444, 10724, 10714, 10689, 10632, 10610, 10635, 10623, 10601, 10596, 10584, 10546, 10541]",False
"[15008, 15884, 20686, 20628, 20341, 20110, 19769, 17501, 15641, 14931, 14625, 14426, 14289, 14183, 14098, 14001, 13955, 13885, 13823, 13775, 13724, 13676, 13629, 13588, 13529, 13500, 13457, 13435, 13056, 13318, 13353, 13311, 13277, 13256, 13224, 13202, 13180, 13161, 13148, 13124, 13102, 13084, 13075, 13058, 13045, 13030, 13001]",False
"[25053, 25034, 26361, 26788, 26753, 26681, 26407, 25495, 24784, 24551, 24408, 24325, 24246, 24195, 24206, 24184, 24164, 24148, 24136, 24123, 24119, 24091, 24097, 24101, 24091, 24084, 24076, 24071, 24076, 24067, 24010, 24064, 24056, 24053, 24054, 24061, 24061, 24060, 24045, 24039, 24054, 24057, 24059, 24031, 24064, 24062, 24067]",False
"[19255, 21302, 21516, 21444, 21143, 20762, 20515, 19992, 19210, 18978, 18793, 18532, 18709, 18725, 18722, 18751, 18729, 18715, 18722, 18519, 18444, 18715, 18727, 18694, 18747, 18725, 18569, 18748, 18721, 18695, 18782, 18795, 18831, 18848, 18831, 18840, 18857, 18572, 18941, 18958, 18935, 18986, 18895, 18921, 18997, 18784, 18673]",False
"[18773, 18625, 18647, 18143, 17488, 16935, 16662, 16195, 15535, 15314, 15081, 14864, 14753, 14672, 14588, 14514, 14439, 14226, 14361, 14259, 14271, 14234, 14153, 14152, 14125, 13981, 14029, 14035, 14023, 13981, 13998, 13950, 13910, 13902, 13768, 13906, 13898, 13727, 13773, 13865, 13859, 13850, 13869, 13836, 13832, 13829, 13791]",True
"[16259, 17070, 20739, 20836, 20509, 20171, 19929, 19510, 18245, 17349, 17062, 16939, 16891, 16730, 16792, 16968, 16934, 16918, 16923, 16807, 16968, 16980, 16773, 17021, 17019, 16713, 16963, 17044, 16979, 16944, 16978, 16928, 17007, 17001, 16861, 17057, 17015, 16980, 16984, 16982, 17002, 16991, 16888, 16892, 17055, 17006, 17002]",False
"[17302, 17432, 18023, 17794, 17396, 17073, 16653, 16176, 15621, 15081, 13898, 13314, 12997, 12789, 12660, 12549, 12372, 12337, 12312, 12209, 12142, 12092, 12016, 11981, 11940, 11734, 11862, 11839, 11776, 11747, 11688, 11680, 11476, 11580, 11505, 11606, 11564, 11525, 11497, 11496, 11477, 11474, 11345, 11434, 11450, 11397, 11394]",True
"[16436, 16946, 19473, 19702, 19988, 19862, 19586, 18817, 17437, 16782, 16558, 16368, 16286, 16120, 16246, 16249, 16184, 16142, 16122, 16095, 16091, 16041, 15844, 16131, 16096, 16064, 16056, 16048, 16050, 16018, 15838, 16031, 16074, 16001, 16036, 16027, 16045, 16052, 16034, 15837, 16088, 16073, 16080, 16111, 16134, 16135, 16141]",False
"[19004, 19159, 19586, 19288, 18881, 18515, 18120, 17850, 17158, 16288, 15836, 15600, 15471, 15321, 15154, 15179, 15090, 15033, 14974, 14931, 14872, 14851, 14583, 14717, 14690, 14641, 14614, 14589, 14570, 14511, 14516, 14286, 14428, 14386, 14377, 14334, 14324, 14289, 14303, 14155, 14187, 14219, 14173, 14043, 14172, 14180, 14124]",True
"[24931, 24933, 24976, 24980, 24995, 24994, 24985, 24986, 24979, 24955, 24965, 24968, 24966, 24969, 24968, 24964, 24963, 24958, 24921, 24960, 24957, 24953, 24954, 24955, 24951, 24957, 24926, 24938, 24949, 24946, 24948, 24942, 24940, 24943, 24918, 24895, 24935, 24930, 24933, 24928, 24925, 24924, 24922, 24910, 24903, 24916, 24914]",False
"[24771, 24772, 25337, 25791, 25780, 25680, 25613, 24556, 22148, 19948, 18430, 17412, 16705, 16201, 15820, 15504, 15308, 15129, 14989, 14882, 14796, 14732, 14684, 14642, 14613, 14602, 14594, 14589, 14565, 14590, 14590, 14576, 14542, 14559, 14551, 14543, 14532, 14515, 14492, 14466, 14428, 14384, 14362, 14322, 14288, 14252, 14221]",True
"[20793, 20895, 20800, 22723, 23896, 24045, 23931, 23836, 23648, 22988, 20131, 18258, 17283, 16768, 16468, 16269, 16140, 16050, 15987, 15936, 15898, 15836, 15840, 15818, 15798, 15784, 15775, 15768, 15766, 15761, 15748, 15769, 15773, 15779, 15787, 15798, 15809, 15822, 15810, 15844, 15858, 15875, 15890, 15908, 15927, 15947, 15960]",True
"[20264, 20350, 22673, 24114, 24452, 24557, 24411, 22318, 20249, 19575, 19239, 19055, 18919, 18875, 18818, 18784, 18757, 18740, 18731, 18725, 18699, 18726, 18740, 18749, 18762, 18776, 18794, 18814, 18830, 18818, 18868, 18889, 18913, 18936, 18963, 18984, 19014, 19031, 19044, 19061, 19104, 19128, 19145, 19172, 19192, 19215, 19169]",True
"[23260, 23331, 23353, 23701, 25019, 24226, 23519, 23230, 23180, 23188, 23167, 23343, 24903, 25545, 25785, 24928, 23844, 23376, 23145, 23041, 22992, 22968, 22954, 22947, 22934, 22909, 22938, 22940, 22948, 22953, 22959, 22974, 22986, 22959, 23008, 23016, 23032, 23048, 23062, 23076, 23083, 23105, 23087, 23136, 23150, 23167, 23186]",False
"[23898, 24052, 25474, 25899, 24901, 22923, 21614, 20792, 20200, 19883, 19616, 19390, 19224, 19086, 18961, 18858, 18766, 18685, 18623, 18567, 18494, 18480, 18452, 18426, 18407, 18392, 18380, 18363, 18350, 18342, 18346, 18338, 18329, 18320, 18321, 18323, 18339, 18335, 18374, 18396, 18418, 18438, 18458, 18475, 18491, 18493, 18497]",True
"[20373, 19923, 18310, 18317, 18411, 18330, 18126, 16404, 15871, 16011, 16198, 16148, 16694, 16962, 17144, 17317, 17427, 17622, 17714, 17497, 17282, 18005, 18089, 18173, 18218, 18333, 18395, 18509, 18312, 18454, 18628, 18693, 18719, 18784, 18815, 18859, 18949, 18416, 18984, 18976, 18873, 19072, 19072, 19149, 19215, 19102, 19074]",True
"[13728, 14584, 20818, 20268, 19685, 17615, 15133, 13985, 13478, 13326, 13454, 13298, 13202, 13223, 12971, 12957, 12935, 12881, 12860, 12826, 12750, 12757, 12721, 12686, 12681, 12660, 12616, 12581, 12567, 12513, 12533, 12519, 12511, 12477, 12490, 12447, 12432, 12362, 12349, 12405, 12278, 12355, 12344, 12340, 12325, 12309, 12301]",False
"[14945, 16466, 23436, 23051, 22978, 22861, 22687, 20421, 16054, 14249, 13289, 12693, 12318, 12030, 11755, 11434, 11307, 11127, 10993, 10840, 10714, 10584, 10453, 10301, 10205, 10097, 10005, 9911, 9842, 9732, 9701, 9609, 9532, 9418, 9415, 9350, 9289, 9247, 9192, 9141, 8984, 9032, 8723, 8984, 8901, 8836, 8841]",True
"[11982, 18189, 21404, 21360, 21312, 20885, 16448, 13556, 12231, 11607, 11503, 11330, 11101, 11090, 11006, 10832, 10824, 10831, 10778, 10723, 10672, 10604, 10574, 10534, 10463, 10408, 10431, 10378, 10357, 10295, 10285, 10257, 10249, 10224, 10198, 10167, 10088, 10098, 10097, 10079, 10065, 9996, 9953, 9993, 9978, 9964, 9937]",True
"[20489, 20656, 21355, 21346, 21317, 21296, 21344, 21335, 21377, 21393, 21346, 21361, 21381, 21401, 21367, 21401, 21341, 21373, 21381, 21401, 21415, 21415, 21019, 21414, 21408, 21407, 21403, 21352, 21278, 21402, 21414, 21424, 19617, 17950, 16734, 15685, 14978, 14331, 13777, 12809, 11350, 10630, 10261, 10024, 9860, 9717, 9625]",True
"[17092, 17927, 20263, 20804, 21123, 21299, 19619, 16601, 15466, 14946, 14627, 14409, 14247, 14120, 14018, 13934, 13865, 13806, 13757, 13714, 13679, 13648, 13623, 13600, 13580, 13568, 13556, 13547, 13541, 13536, 13534, 13534, 13534, 13536, 13535, 13536, 13538, 13540, 13547, 13560, 13578, 13600, 13630, 13665, 13699, 13729, 13755]",True
"[21937, 22387, 24739, 24868, 24925, 24757, 23149, 21982, 21447, 21172, 21033, 20944, 20895, 20862, 20844, 20835, 20835, 20842, 20849, 20859, 20850, 20882, 20892, 20908, 20921, 20932, 20942, 20952, 20974, 20985, 20998, 21009, 21018, 21032, 21048, 21059, 21071, 21083, 21085, 21110, 21121, 21133, 21140, 21150, 21164, 21169, 21171]",False
"[23511, 23817, 25455, 25699, 25786, 25612, 24468, 23648, 23393, 23285, 23237, 23209, 23200, 23196, 23191, 23188, 23183, 23164, 23191, 23191, 23193, 23193, 23189, 23195, 23202, 23211, 23213, 23218, 23226, 23232, 23239, 23241, 23250, 23260, 23268, 23274, 23280, 23284, 23294, 23302, 23305, 23314, 23317, 23327, 23334, 23337, 23346]",False
"[24084, 24371, 25708, 26047, 26177, 25939, 24869, 24121, 23793, 23713, 23652, 23619, 23598, 23591, 23581, 23573, 23567, 23562, 23560, 23564, 23559, 23558, 23559, 23564, 23569, 23559, 23568, 23575, 23581, 23586, 23591, 23596, 23598, 23598, 23610, 23615, 23616, 23619, 23624, 23634, 23635, 23644, 23632, 23624, 23661, 23663, 23670]",False
"[24025, 23719, 21830, 21240, 20698, 20259, 17502, 16064, 15325, 14852, 14524, 14281, 14098, 13950, 13839, 13744, 13668, 13602, 13548, 13501, 13458, 13427, 13394, 13359, 13341, 13335, 13325, 13315, 13309, 13320, 13330, 13354, 13382, 13412, 13436, 13462, 13499, 13537, 13570, 13598, 13614, 13659, 13681, 13702, 13720, 13725, 13747]",True
"[18081, 18241, 19280, 19382, 19623, 19685, 18075, 15590, 14246, 13691, 13352, 13131, 12991, 12886, 12814, 12760, 12721, 12691, 12674, 12663, 12653, 12646, 12642, 12637, 12640, 12644, 12649, 12653, 12653, 12661, 12670, 12679, 12686, 12693, 12701, 12709, 12716, 12726, 12733, 12742, 12752, 12763, 12776, 12788, 12798, 12814, 12824]",True
"[14897, 14851, 14701, 14328, 14436, 14951, 14530, 11785, 10497, 9950, 9642, 9505, 9406, 9344, 9300, 9274, 9255, 9238, 9235, 9230, 9229, 9227, 9223, 9226, 9223, 9231, 9237, 9238, 9250, 9252, 9262, 9268, 9273, 9276, 9278, 9287, 9293, 9298, 9302, 9308, 9307, 9319, 9326, 9333, 9338, 9347, 9355]",True
"[19309, 19871, 22760, 22853, 23157, 22625, 20273, 19644, 19200, 19043, 18974, 18967, 18993, 19027, 19066, 19110, 19151, 19193, 19231, 19267, 19300, 19332, 19364, 19396, 19423, 19451, 19475, 19504, 19529, 19550, 19577, 19599, 19621, 19638, 19670, 19689, 19714, 19743, 19778, 19794, 19827, 19851, 19876, 19898, 19918, 19940, 19954]",False
"[21416, 21905, 24382, 24420, 24275, 24434, 23394, 22266, 21651, 21425, 21354, 21329, 21328, 21336, 21349, 21371, 21392, 21412, 21418, 21450, 21451, 21481, 21505, 21525, 21550, 21573, 21594, 21618, 21632, 21661, 21682, 21701, 21720, 21730, 21751, 21773, 21790, 21795, 21816, 21831, 21847, 21862, 21877, 21884, 21900, 21916, 21929]",False
"[18214, 18958, 22651, 23367, 23742, 23940, 23998, 23241, 21210, 19998, 19226, 18724, 18441, 18265, 18188, 18148, 18139, 18146, 18164, 18190, 18219, 18255, 18292, 18325, 18364, 18399, 18437, 18474, 18510, 18546, 18585, 18622, 18660, 18694, 18731, 18767, 18802, 18848, 18879, 18915, 18951, 18984, 19015, 19043, 19080, 19114, 19146]",False
"[24167, 23790, 21867, 21502, 21278, 21035, 20067, 18095, 17314, 16947, 16754, 16637, 16557, 16495, 16455, 16417, 16382, 16359, 16337, 16320, 16299, 16292, 16274, 16263, 16255, 16250, 16246, 16248, 16251, 16255, 16260, 16264, 16268, 16270, 16271, 16281, 16283, 16284, 16297, 16299, 16302, 16313, 16318, 16323, 16325, 16333, 16336]",True
"[17388, 18084, 22294, 22863, 23416, 23503, 23127, 21050, 20089, 19739, 19616, 19590, 19615, 19667, 19724, 19758, 19809, 19861, 19866, 19903, 19950, 20027, 20079, 20110, 20134, 20168, 20206, 20236, 20265, 20288, 20316, 20338, 20366, 20390, 20408, 20420, 20450, 20480, 20500, 20508, 20519, 20545, 20561, 20576, 20588, 20598, 20612]",False
"[20212, 20164, 20252, 19660, 18964, 18501, 18175, 16967, 14628, 14127, 13939, 13871, 13858, 13818, 13848, 13884, 13899, 13899, 13906, 13913, 13918, 13928, 13941, 13957, 13967, 13969, 13979, 13986, 13991, 13995, 13993, 13994, 14000, 14002, 14010, 14008, 14011, 14013, 14015, 14014, 14021, 14027, 14027, 14036, 14043, 14028, 14051]",True
"[15138, 16234, 21264, 21263, 21238, 21190, 19298, 18033, 17578, 17432, 17397, 17434, 17475, 17563, 17642, 17712, 17777, 17843, 17902, 17989, 18032, 18085, 18128, 18169, 18209, 18237, 18272, 18306, 18331, 18355, 18384, 18410, 18435, 18453, 18477, 18497, 18515, 18531, 18553, 18573, 18591, 18609, 18623, 18636, 18645, 18665, 18679]",False
"[16853, 17312, 18255, 18550, 18410, 17896, 15022, 12788, 11572, 10892, 10462, 10166, 9950, 9784, 9661, 9558, 9475, 9406, 9361, 9300, 9262, 9217, 9188, 9163, 9140, 9121, 9107, 9093, 9081, 9071, 9062, 9055, 9049, 9045, 9033, 9041, 9035, 9036, 9036, 9041, 9042, 9044, 9044, 9046, 9052, 9056, 9062]",True
"[12582, 13771, 19412, 19659, 19915, 20241, 18927, 16292, 15177, 14899, 14804, 14788, 14811, 14848, 14880, 14924, 14957, 14995, 15027, 15058, 15085, 15117, 15153, 15133, 15218, 15248, 15258, 15303, 15335, 15362, 15389, 15412, 15416, 15462, 15484, 15510, 15536, 15559, 15582, 15606, 15628, 15646, 15664, 15689, 15715, 15732, 15711]",False
"[17497, 17955, 20523, 20668, 20205, 19624, 16905, 14696, 13139, 12603, 12565, 12343, 12158, 11982, 11913, 11828, 11579, 11671, 11612, 11604, 11653, 11657, 11696, 11749, 11783, 11815, 11834, 11849, 11861, 11869, 11879, 11882, 11890, 11892, 11897, 11899, 11899, 11903, 11911, 11916, 11921, 11929, 11935, 11947, 11958, 11967, 11975]",True
"[13065, 14413, 19590, 20144, 20365, 20414, 20287, 17479, 16030, 15488, 15315, 15326, 15392, 15438, 15491, 15536, 15598, 15644, 15678, 15725, 15765, 15799, 15829, 15857, 15878, 15906, 15927, 15953, 15972, 15987, 16005, 16020, 16038, 16055, 16068, 16077, 16104, 16123, 16139, 16154, 16167, 16189, 16203, 16216, 16229, 16241, 16240]",False
"[16995, 17562, 20675, 21470, 22149, 22447, 22467, 20449, 17451, 16357, 15824, 15535, 15354, 15236, 15147, 15081, 15027, 14979, 14942, 14908, 14881, 14852, 14830, 14809, 14792, 14775, 14761, 14743, 14734, 14720, 14715, 14704, 14699, 14688, 14685, 14679, 14678, 14655, 14675, 14669, 14672, 14665, 14657, 14674, 14670, 14662, 14673]",True
"[16239, 16256, 16287, 17531, 18112, 18115, 18131, 18197, 15023, 12465, 11221, 10522, 10084, 9794, 9584, 9425, 9303, 9170, 9125, 9054, 8993, 8952, 8908, 8873, 8840, 8809, 8785, 8761, 8743, 8727, 8708, 8694, 8683, 8673, 8666, 8659, 8651, 8647, 8641, 8638, 8637, 8635, 8633, 8633, 8633, 8634, 8620]",True
"[17351, 17157, 16703, 16861, 16531, 16065, 15128, 12165, 11435, 11190, 11057, 11053, 11048, 11055, 11071, 11091, 11111, 11131, 11148, 11169, 11185, 11205, 11198, 11230, 11246, 11260, 11274, 11287, 11299, 11312, 11327, 11338, 11349, 11360, 11364, 11383, 11394, 11405, 11416, 11426, 11433, 11449, 11462, 11471, 11482, 11494, 11506]",True
"[16743, 17185, 20093, 21011, 21301, 21217, 21106, 19050, 16120, 15089, 14602, 14371, 14254, 14201, 14175, 14164, 14161, 14162, 14162, 14167, 14175, 14181, 14184, 14195, 14202, 14206, 14215, 14222, 14235, 14240, 14247, 14253, 14259, 14263, 14271, 14277, 14282, 14290, 14294, 14300, 14305, 14312, 14318, 14325, 14329, 14337, 14340]",True
"[16927, 17501, 20439, 20534, 20403, 19634, 16466, 14568, 14003, 13752, 13633, 13586, 13571, 13578, 13591, 13610, 13629, 13652, 13676, 13692, 13715, 13736, 13758, 13778, 13791, 13814, 13826, 13843, 13857, 13871, 13884, 13895, 13910, 13921, 13928, 13944, 13954, 13966, 13978, 13988, 13999, 13997, 14020, 14030, 14041, 14051, 14061]",True
"[17804, 17503, 16304, 15885, 15099, 14342, 12865, 10428, 9735, 9388, 9183, 9051, 8970, 8912, 8872, 8845, 8824, 8811, 8799, 8795, 8791, 8791, 8790, 8790, 8794, 8798, 8801, 8804, 8807, 8810, 8814, 8819, 8823, 8826, 8833, 8841, 8847, 8853, 8861, 8867, 8876, 8884, 8893, 8901, 8905, 8920, 8929]",True
"[15911, 16249, 18161, 18250, 18362, 18203, 15389, 13458, 12684, 12417, 12287, 12221, 12190, 12174, 12171, 12166, 12167, 12167, 12169, 12174, 12175, 12173, 12179, 12183, 12187, 12191, 12195, 12200, 12204, 12211, 12218, 12224, 12231, 12238, 12246, 12254, 12261, 12268, 12273, 12281, 12288, 12297, 12305, 12305, 12312, 12328, 12336]",True
"[24888, 23625, 17672, 17568, 17210, 15215, 13840, 12876, 12205, 11854, 11576, 11345, 11157, 11000, 10856, 10722, 10611, 10514, 10419, 10332, 10261, 10159, 10098, 10031, 9986, 9932, 9889, 9844, 9802, 9782, 9755, 9728, 9715, 9710, 9680, 9659, 9640, 9626, 9609, 9592, 9574, 9556, 9535, 9523, 9516, 9508, 9495]",True
"[19266, 18626, 15454, 14888, 14207, 13761, 12480, 10825, 10254, 9921, 9699, 9540, 9421, 9326, 9247, 9183, 9125, 9075, 9030, 8987, 8953, 8921, 8887, 8865, 8843, 8821, 8800, 8783, 8766, 8752, 8740, 8728, 8717, 8707, 8699, 8693, 8687, 8681, 8677, 8669, 8666, 8664, 8662, 8658, 8656, 8654, 8651]",True
"[24830, 12484, 10152, 10848, 11193, 11334, 11256, 9087, 7936, 7610, 7484, 7466, 7485, 7517, 7552, 7583, 7612, 7635, 7657, 7673, 7691, 7704, 7713, 7723, 7730, 7738, 7745, 7750, 7755, 7759, 7762, 7764, 7769, 7771, 7775, 7777, 7781, 7784, 7786, 7788, 7790, 7791, 7794, 7798, 7801, 7801, 7806]",True
"[14521, 14177, 12930, 13279, 13400, 13446, 13130, 10234, 9086, 8628, 8372, 8227, 8137, 8078, 8037, 8003, 7977, 7957, 7936, 7923, 7910, 7898, 7887, 7878, 7870, 7863, 7858, 7854, 7850, 7846, 7842, 7840, 7837, 7835, 7833, 7832, 7833, 7833, 7835, 7835, 7837, 7838, 7839, 7841, 7845, 7847, 7850]",True
"[12979, 12973, 13565, 14000, 13885, 13883, 13400, 11559, 9563, 8931, 8575, 8389, 8280, 8229, 8193, 8169, 8154, 8143, 8136, 8132, 8129, 8125, 8122, 8121, 8120, 8122, 8122, 8122, 8122, 8125, 8126, 8129, 8133, 8135, 8141, 8146, 8151, 8155, 8161, 8166, 8172, 8179, 8183, 8191, 8195, 8202, 8209]",True
"[11291, 11269, 11413, 12009, 12062, 9827, 8602, 7908, 7629, 7498, 7437, 7415, 7408, 7413, 7419, 7427, 7436, 7451, 7460, 7479, 7490, 7496, 7521, 7536, 7552, 7567, 7581, 7595, 7608, 7624, 7640, 7655, 7669, 7682, 7699, 7712, 7726, 7740, 7749, 7766, 7781, 7796, 7810, 7823, 7837, 7851, 7865]",True
"[11616, 11430, 10834, 11141, 11200, 10864, 9677, 8456, 7955, 7711, 7571, 7495, 7459, 7445, 7442, 7450, 7462, 7473, 7490, 7507, 7524, 7543, 7559, 7572, 7593, 7610, 7625, 7640, 7654, 7668, 7683, 7697, 7711, 7725, 7738, 7751, 7763, 7777, 7789, 7801, 7806, 7824, 7835, 7849, 7859, 7869, 7879]",True
"[15816, 17615, 21293, 21332, 21202, 20843, 18575, 17010, 16109, 15750, 15494, 15303, 15151, 15017, 14897, 14790, 14689, 14601, 14516, 14437, 14366, 14296, 14225, 14169, 14111, 14057, 14005, 13955, 13905, 13865, 13821, 13795, 13758, 13707, 13677, 13652, 13626, 13601, 13575, 13542, 13532, 13512, 13494, 13473, 13459, 13442, 13428]",True
"[12162, 12879, 17069, 17827, 18105, 18116, 17289, 14969, 14271, 14050, 14017, 14084, 14181, 14289, 14399, 14505, 14607, 14706, 14798, 14885, 14964, 15039, 15117, 15186, 15251, 15314, 15371, 15431, 15489, 15543, 15597, 15642, 15690, 15732, 15775, 15818, 15857, 15899, 15934, 15971, 16006, 16039, 16073, 16105, 16134, 16165, 16193]",False
"[24114, 24335, 25418, 25478, 25471, 25190, 24088, 23450, 24810, 24484, 23734, 23393, 23237, 23165, 23133, 23122, 23117, 23117, 23116, 23117, 23126, 23130, 23138, 23138, 23153, 23158, 23164, 23174, 23176, 23188, 23196, 23201, 23209, 23217, 23222, 23232, 23233, 23247, 23256, 23262, 23265, 23277, 23286, 23297, 23306, 23307, 23317]",False
"[19797, 24276, 24223, 24465, 24671, 24268, 22600, 21476, 20752, 20450, 20208, 20096, 20037, 20016, 20010, 20027, 20048, 20074, 20100, 20126, 20153, 20179, 20210, 20245, 20270, 20302, 20331, 20360, 20387, 20411, 20441, 20461, 20487, 20513, 20538, 20564, 20588, 20611, 20635, 20650, 20681, 20704, 20728, 20751, 20770, 20794, 20816]",False
"[24459, 24471, 24527, 24533, 24535, 24544, 24546, 24557, 24549, 24573, 24577, 24585, 24595, 24601, 24608, 24611, 24617, 24625, 24632, 24632, 24643, 24644, 24654, 24660, 24668, 24667, 24673, 24687, 24694, 24702, 24703, 24707, 24713, 24721, 24720, 24729, 24731, 24739, 24746, 24752, 24757, 24746, 24763, 24769, 24774, 24780, 24783]",False
"[25903, 25912, 25511, 23751, 22905, 21912, 21126, 20123, 18298, 16858, 16180, 15709, 15372, 15125, 14941, 14797, 14685, 14597, 14521, 14462, 14407, 14362, 14324, 14287, 14262, 14238, 14213, 14194, 14177, 14157, 14144, 14127, 14116, 14109, 14103, 14097, 14095, 14093, 14096, 14099, 14095, 14102, 14106, 14113, 14121, 14131, 14138]",True
"[15062, 15085, 15964, 16847, 17002, 17269, 17293, 14380, 13287, 13044, 12929, 12889, 12886, 12896, 12915, 12936, 12958, 12982, 13007, 13027, 13048, 13056, 13087, 13105, 13125, 13143, 13157, 13179, 13197, 13213, 13228, 13242, 13253, 13267, 13281, 13291, 13303, 13314, 13320, 13337, 13350, 13361, 13371, 13383, 13394, 13406, 13416]",True
"[13535, 13561, 13692, 13733, 12197, 11972, 11795, 11721, 9614, 9046, 8691, 8492, 8381, 8318, 8278, 8252, 8231, 8217, 8205, 8193, 8187, 8177, 8169, 8164, 8160, 8155, 8151, 8146, 8142, 8139, 8135, 8133, 8130, 8128, 8126, 8124, 8123, 8121, 8121, 8120, 8120, 8120, 8120, 8120, 8122, 8123, 8125]",True
"[12340, 12341, 12352, 12351, 12354, 12356, 12360, 12363, 12367, 12369, 12373, 12372, 12379, 12380, 12385, 12385, 12385, 12385, 12385, 12390, 12389, 12389, 12390, 12388, 12394, 12394, 12395, 12395, 12401, 12408, 12411, 12416, 12420, 12423, 12428, 12434, 12439, 12444, 12446, 12451, 12456, 12460, 12463, 12460, 12441, 12418, 12407]",False
"[13241, 13253, 14803, 16054, 16346, 15926, 15598, 14004, 12216, 11665, 11430, 11362, 11374, 11420, 11480, 11547, 11609, 11672, 11729, 11784, 11834, 11881, 11928, 11970, 12011, 12049, 12085, 12120, 12155, 12187, 12217, 12245, 12274, 12303, 12330, 12355, 12379, 12402, 12428, 12450, 12469, 12492, 12510, 12534, 12556, 12574, 12591]",True
"[13685, 13720, 13871, 14408, 14417, 14322, 14061, 11371, 10118, 9648, 9407, 9289, 9235, 9216, 9213, 9218, 9227, 9236, 9249, 9264, 9278, 9291, 9301, 9313, 9321, 9324, 9327, 9328, 9335, 9340, 9349, 9356, 9365, 9373, 9385, 9391, 9403, 9414, 9422, 9432, 9440, 9448, 9457, 9461, 9473, 9480, 9487]",True
"[11719, 11719, 11723, 11782, 12079, 12152, 11905, 10916, 9317, 8906, 8695, 8599, 8556, 8541, 8542, 8549, 8560, 8575, 8593, 8611, 8628, 8641, 8658, 8674, 8689, 8703, 8716, 8730, 8744, 8758, 8771, 8783, 8796, 8810, 8821, 8836, 8848, 8863, 8875, 8889, 8902, 8914, 8925, 8936, 8950, 8963, 8976]",True
"[15853, 15872, 14732, 14232, 13872, 13408, 11647, 10346, 9876, 9613, 9446, 9337, 9257, 9198, 9151, 9116, 9088, 9068, 9051, 9038, 9027, 9021, 9018, 9018, 9018, 9017, 9019, 9022, 9026, 9030, 9036, 9041, 9050, 9059, 9069, 9078, 9087, 9100, 9113, 9125, 9138, 9150, 9163, 9177, 9188, 9205, 9217]",True
"[13730, 13736, 13766, 13766, 13775, 13781, 13787, 13792, 13811, 14268, 15570, 15896, 15857, 15684, 15629, 13319, 12143, 11693, 11499, 11420, 11396, 11397, 11416, 11439, 11465, 11490, 11517, 11543, 11567, 11590, 11614, 11633, 11659, 11681, 11700, 11719, 11737, 11755, 11776, 11793, 11815, 11834, 11854, 11873, 11892, 11911, 11927]",True
"[18286, 18292, 20057, 20828, 21108, 21128, 21128, 18908, 17410, 16959, 16760, 16677, 16645, 16632, 16631, 16636, 16641, 16657, 16668, 16677, 16690, 16698, 16714, 16721, 16726, 16738, 16751, 16770, 16785, 16802, 16816, 16828, 16844, 16856, 16870, 16882, 16890, 16901, 16913, 16922, 16931, 16936, 16938, 16949, 16953, 16959, 16965]",True
"[16869, 16858, 18526, 21216, 22052, 22444, 22781, 23206, 23081, 21077, 19929, 19488, 19344, 19317, 19357, 19409, 19478, 19543, 19617, 19683, 19742, 19798, 19854, 19911, 19957, 19998, 20034, 20088, 20143, 20174, 20209, 20237, 20272, 20307, 20334, 20360, 20395, 20422, 20451, 20471, 20499, 20520, 20537, 20561, 20589, 20607, 20630]",False
"[21431, 21604, 23233, 23485, 23595, 23344, 23373, 22214, 20004, 19366, 19070, 18918, 18827, 18768, 18721, 18694, 18673, 18658, 18644, 18636, 18626, 18614, 18606, 18603, 18602, 18599, 18595, 18587, 18589, 18585, 18583, 18584, 18579, 18583, 18578, 18585, 18584, 18582, 18583, 18583, 18586, 18590, 18592, 18595, 18599, 18605, 18610]",True
"[21233, 21230, 21170, 20899, 20620, 18798, 16968, 16037, 15468, 15182, 14980, 14832, 14715, 14620, 14546, 14481, 14423, 14371, 14325, 14280, 14246, 14210, 14173, 14150, 14120, 14102, 14084, 14064, 14046, 14032, 14012, 13997, 13986, 13970, 13963, 13953, 13940, 13933, 13916, 13916, 13909, 13900, 13893, 13888, 13884, 13881, 13876]",True
"[16869, 16841, 16937, 16727, 16312, 15839, 14722, 12553, 11367, 10922, 10628, 10429, 10284, 10180, 10097, 10027, 9968, 9917, 9871, 9833, 9799, 9769, 9742, 9718, 9699, 9680, 9665, 9651, 9638, 9624, 9616, 9610, 9605, 9602, 9600, 9598, 9598, 9597, 9600, 9603, 9606, 9607, 9609, 9616, 9624, 9633, 9635]",True
"[18750, 18843, 19872, 22093, 22946, 23116, 23086, 23083, 21900, 20241, 19227, 18593, 18191, 17944, 17788, 17697, 17642, 17614, 17601, 17602, 17613, 17630, 17653, 17678, 17708, 17738, 17768, 17802, 17834, 17869, 17904, 17938, 17976, 18013, 18052, 18090, 18126, 18162, 18197, 18238, 18275, 18311, 18346, 18379, 18415, 18447, 18486]",False
"[21600, 21684, 23845, 24873, 25275, 25397, 24337, 23007, 22180, 21831, 21626, 21509, 21438, 21390, 21364, 21338, 21336, 21328, 21324, 21322, 21321, 21322, 21323, 21326, 21330, 21337, 21345, 21346, 21354, 21359, 21372, 21379, 21388, 21392, 21396, 21408, 21422, 21430, 21442, 21450, 21460, 21472, 21482, 21494, 21498, 21513, 21525]",False
"[21343, 21774, 24420, 24800, 24958, 25059, 25133, 24417, 22753, 22030, 21625, 21381, 21236, 21129, 21053, 20996, 20958, 20926, 20912, 20901, 20890, 20888, 20894, 20900, 20907, 20917, 20929, 20947, 20958, 20977, 20998, 21007, 21037, 21050, 21075, 21098, 21116, 21143, 21165, 21190, 21208, 21227, 21256, 21281, 21303, 21322, 21343]",False
"[22611, 22855, 24797, 25317, 25615, 25771, 25851, 25893, 25903, 24577, 23543, 23062, 22833, 22701, 22635, 22583, 22545, 22515, 22504, 22494, 22484, 22473, 22473, 22473, 22473, 22476, 22480, 22481, 22491, 22498, 22508, 22513, 22524, 22526, 22528, 22544, 22558, 22568, 22581, 22592, 22605, 22614, 22622, 22637, 22645, 22657, 22666]",False
"[15283, 15736, 19666, 20888, 21389, 21649, 21674, 22033, 21264, 18855, 17478, 16657, 16172, 15888, 15721, 15628, 15578, 15553, 15546, 15551, 15561, 15580, 15602, 15629, 15658, 15684, 15712, 15753, 15784, 15819, 15854, 15883, 15923, 15958, 15995, 16030, 16068, 16100, 16138, 16175, 16211, 16243, 16278, 16308, 16347, 16383, 16417]",False
"[19740, 19869, 22357, 23592, 24206, 23399, 21623, 20624, 19965, 19695, 19518, 19405, 19335, 19290, 19262, 19244, 19232, 19233, 19234, 19232, 19250, 19255, 19270, 19281, 19293, 19309, 19319, 19341, 19351, 19371, 19386, 19403, 19420, 19438, 19456, 19468, 19483, 19505, 19525, 19543, 19561, 19576, 19593, 19610, 19632, 19649, 19666]",False
"[24206, 24228, 24939, 25768, 25997, 26141, 26297, 26427, 25915, 24891, 24294, 23990, 23834, 23736, 23667, 23616, 23571, 23532, 23498, 23467, 23445, 23423, 23404, 23385, 23361, 23357, 23344, 23334, 23325, 23316, 23312, 23305, 23308, 23306, 23302, 23303, 23300, 23299, 23297, 23302, 23304, 23301, 23307, 23287, 23317, 23320, 23324]",False
"[24176, 24185, 24299, 25367, 26147, 26208, 26289, 26184, 25113, 24443, 24126, 23964, 23863, 23803, 23765, 23735, 23709, 23688, 23666, 23648, 23637, 23629, 23619, 23616, 23609, 23612, 23608, 23609, 23602, 23598, 23597, 23607, 23606, 23609, 23602, 23606, 23604, 23608, 23610, 23603, 23611, 23613, 23614, 23616, 23614, 23613, 23616]",False
"[23999, 24456, 26440, 26363, 26400, 26025, 24948, 24255, 24003, 23934, 23906, 23894, 23886, 23883, 23877, 23879, 23872, 23884, 23880, 23880, 23878, 23888, 23890, 23890, 23891, 23895, 23899, 23903, 23907, 23908, 23906, 23915, 23920, 23920, 23921, 23919, 23924, 23933, 23936, 23942, 23943, 23939, 23952, 23953, 23956, 23962, 23957]",False
"[24303, 24562, 25333, 25967, 25284, 26033, 25392, 25519, 25527, 24870, 24858, 25813, 25085, 24664, 25720, 25870, 25059, 24623, 24467, 24395, 24374, 24372, 24378, 25455, 26094, 26220, 26222, 26171, 26054, 25882, 25286, 24599, 24253, 24108, 24033, 24001, 23983, 23965, 23949, 23942, 23927, 23924, 23920, 23913, 23914, 23913, 23910]",False
"[23936, 24088, 25646, 26043, 26061, 25914, 25636, 25303, 25521, 25528, 25277, 24576, 23970, 23660, 23527, 23448, 23400, 23387, 23373, 23361, 23350, 23286, 23240, 23198, 23171, 23131, 23119, 23114, 23112, 23114, 23102, 23123, 23136, 23148, 23159, 23172, 23182, 23195, 23211, 23226, 23239, 23251, 23263, 23283, 23295, 23312, 23325]",False
"[24350, 24362, 22774, 16246, 16932, 16729, 15296, 12722, 11718, 11020, 10530, 10189, 9937, 9748, 9595, 9469, 9362, 9272, 9183, 9885, 11387, 10059, 9514, 9290, 9170, 9104, 9063, 9033, 9015, 8996, 8978, 8962, 8944, 8930, 8916, 8902, 8890, 8877, 8865, 9261, 12055, 10894, 9979, 9644, 9492, 9439, 9416]",True
"[18944, 19790, 23118, 22928, 22695, 22403, 21684, 20022, 18966, 18295, 18145, 17973, 17888, 17801, 17662, 17633, 17618, 17549, 17494, 17455, 17357, 17366, 17283, 17312, 17240, 17151, 17228, 17211, 17180, 17152, 17132, 16970, 17053, 17082, 17076, 16979, 17043, 17012, 17006, 16951, 17007, 16986, 16899, 16940, 16873, 16972, 16955]",False
"[17619, 18179, 21393, 21446, 21366, 21062, 19121, 18394, 17909, 17750, 17633, 17565, 17529, 17414, 17453, 17441, 17420, 17409, 17330, 17391, 17341, 17359, 17360, 17354, 17354, 17287, 17345, 17338, 17332, 17279, 17221, 17342, 17174, 17322, 17334, 17315, 17293, 17294, 17289, 17341, 17347, 17355, 17359, 17359, 17357, 17367, 17363]",False
"[21147, 21377, 24101, 24149, 24031, 23860, 23518, 22902, 21705, 20534, 20143, 19943, 19626, 19581, 19419, 19281, 19236, 19035, 19083, 19110, 18936, 18943, 18694, 18795, 18637, 18680, 18756, 18638, 18732, 18382, 18527, 18458, 18624, 18502, 18480, 18541, 18527, 18528, 18412, 18469, 18458, 18379, 18092, 18453, 18283, 18393, 18237]",False
"[19356, 19614, 20656, 20063, 19667, 19263, 17655, 16430, 15808, 15345, 14979, 14663, 14388, 14144, 13924, 13725, 13545, 13379, 13228, 13087, 12964, 12844, 12737, 12637, 12544, 12459, 12379, 12306, 12238, 12173, 12115, 12059, 12005, 11959, 11915, 11875, 11837, 11801, 11767, 11736, 11706, 11675, 11651, 11629, 11607, 11585, 11566]",True
"[21476, 21974, 24580, 24722, 24763, 24685, 23966, 22889, 22370, 22131, 22007, 21961, 21929, 21910, 21900, 21888, 21882, 21868, 21867, 21858, 21853, 21853, 21840, 21840, 21831, 21830, 21826, 21821, 21822, 21816, 21817, 21811, 21810, 21806, 21805, 21801, 21800, 21798, 21792, 21789, 21789, 21793, 21785, 21796, 21792, 21796, 21795]",False
"[20295, 20920, 24110, 24016, 23917, 23155, 22165, 22424, 21587, 21125, 20899, 20810, 20740, 20695, 20692, 20757, 20750, 20770, 20778, 20747, 20734, 20729, 20699, 20626, 20650, 20604, 20597, 20571, 20562, 20536, 20523, 20519, 20490, 20465, 20524, 20477, 20476, 20470, 20468, 20464, 20433, 20412, 20375, 20441, 20435, 20372, 20403]",False
"[24699, 25129, 27235, 27204, 27198, 26828, 25674, 24649, 23894, 23475, 23188, 22986, 22832, 22713, 22625, 22550, 22492, 22448, 22409, 22377, 22357, 22339, 22324, 22316, 22310, 22304, 22304, 22306, 22306, 22310, 22317, 22322, 22327, 22336, 22345, 22352, 22361, 22372, 22379, 22389, 22402, 22410, 22418, 22429, 22441, 22450, 22460]",False
"[25923, 25929, 25933, 25940, 25948, 25940, 25945, 25945, 25941, 25931, 25938, 25933, 25917, 25942, 25946, 25947, 25943, 25931, 25941, 25947, 25952, 25951, 25964, 25968, 25969, 25972, 25973, 25975, 25977, 25959, 25983, 25985, 25983, 25978, 25980, 25975, 25978, 25982, 25974, 25986, 25987, 25990, 25992, 25996, 25998, 25999, 25981]",False
"[23909, 23924, 23796, 23896, 23924, 23986, 23995, 24063, 24079, 24076, 24120, 24141, 24158, 24171, 24179, 24191, 24220, 24216, 24246, 24245, 24270, 24287, 24304, 24326, 24339, 24354, 24356, 24384, 24397, 24414, 24432, 24441, 24454, 24468, 24458, 24495, 24510, 24522, 24534, 24534, 24549, 24581, 24592, 24584, 24614, 24625, 24634]",False
"[24815, 24873, 24864, 24879, 24891, 24808, 24846, 24880, 24939, 24947, 24948, 24969, 24972, 24971, 24980, 24961, 25001, 25013, 25008, 25056, 25061, 25061, 25052, 25044, 25061, 25100, 25108, 25110, 25118, 25112, 25112, 25106, 25101, 25138, 25145, 25143, 25148, 25165, 25165, 25160, 25162, 25168, 25180, 25187, 25195, 25207, 25217]",False
"[25572, 26628, 26797, 26596, 26395, 25986, 25601, 25449, 25328, 25320, 25299, 25356, 25364, 25376, 25376, 25398, 25419, 25428, 25419, 25418, 25444, 25440, 25441, 25460, 25467, 25472, 25469, 25446, 25481, 25481, 25486, 25492, 25511, 25509, 25509, 25518, 25505, 25520, 25520, 25523, 25528, 25528, 25532, 25532, 25518, 25545, 25552]",False
"[26196, 26236, 26249, 26259, 26266, 26259, 26250, 26405, 26831, 26478, 26299, 26209, 26189, 26157, 26163, 26168, 26171, 26170, 26172, 26178, 26183, 26162, 26186, 26181, 26180, 26182, 26183, 26184, 26189, 26187, 26178, 26191, 26193, 26204, 26206, 26205, 26207, 26209, 26186, 26209, 26213, 26211, 26214, 26217, 26216, 26215, 26218]",False
"[26176, 26225, 26218, 26224, 26225, 26224, 26224, 26215, 26225, 26219, 26223, 26226, 26207, 26203, 26228, 26229, 26226, 26233, 26228, 26227, 26231, 26230, 26206, 26232, 26226, 26222, 26230, 26231, 26226, 26232, 26219, 26224, 26235, 26236, 26229, 26238, 26228, 26230, 26231, 26212, 26235, 26238, 26237, 26239, 26240, 26240, 26241]",False
"[23558, 23570, 23588, 23579, 23546, 23575, 23424, 19151, 13745, 11404, 10131, 9775, 9733, 9872, 10114, 10406, 10724, 11062, 11397, 11740, 12065, 12374, 12669, 12948, 13208, 13453, 13682, 13885, 14100, 14290, 14469, 14639, 14799, 14951, 15098, 15231, 15373, 15506, 15630, 15750, 15865, 15976, 16082, 16168, 16266, 16374, 16464]", True
"[20525, 20546, 20540, 20451, 18948, 16901, 15088, 13274, 12044, 11142, 10663, 10779, 11157, 11549, 11923, 12276, 12607, 12910, 13186, 13333, 11791, 10267, 9597, 9516, 9701, 9963, 10276, 10605, 10927, 11227, 11529, 11800, 12056, 12284, 12514, 12721, 12921, 13093, 13278, 13429, 13582, 13730, 13866, 14003, 14120, 14223, 14331]",True
"[16651, 16709, 16760, 16789, 11552, 8065, 7241, 6833, 6531, 6237, 6223, 6374, 6559, 6778, 7027, 7289, 7554, 7818, 8073, 8320, 8557, 8781, 8988, 9197, 9389, 9573, 9746, 9911, 10069, 10220, 10362, 10501, 10635, 10763, 10888, 11006, 11121, 11232, 11341, 11435, 11548, 11646, 11740, 11832, 11919, 12004, 12088]",True
"[13272, 13342, 12719, 10622, 9604, 8898, 8330, 7896, 7573, 7496, 7579, 7734, 7929, 8143, 8379, 8610, 8839, 9059, 9270, 9470, 9660, 9831, 10009, 10167, 10316, 10459, 10592, 10720, 10842, 10957, 11061, 11175, 11275, 11371, 11465, 11554, 11642, 11727, 11800, 11885, 11963, 12037, 12109, 12180, 12249, 12316, 12381]",True
"[13539, 13606, 13115, 11292, 10185, 9451, 8926, 8560, 8491, 8589, 8751, 8945, 9155, 9373, 9589, 9799, 10004, 10203, 10385, 10558, 10720, 10872, 11015, 11147, 11263, 11392, 11506, 11612, 11714, 11809, 11903, 11994, 12079, 12158, 12245, 12320, 12394, 12464, 12530, 12596, 12659, 12710, 12778, 12837, 12891, 12944, 12997]",True
"[13682, 13737, 13774, 13808, 13844, 13879, 13908, 13947, 13975, 14009, 14049, 14082, 14115, 14164, 14208, 14217, 14236, 14251, 14287, 14315, 14342, 14370, 14394, 14419, 14443, 14467, 14479, 14518, 14539, 14576, 14639, 14690, 14712, 14736, 14701, 14710, 14720, 14734, 14755, 14777, 14802, 14825, 14848, 14857, 14891, 14914, 14933]",False
"[12643, 10684, 9960, 9342, 8909, 8634, 8503, 8486, 8765, 9023, 9309, 9596, 9881, 10152, 10414, 10658, 10887, 11103, 11306, 11501, 11681, 11851, 12010, 12161, 12301, 12438, 12559, 12686, 12804, 12912, 13022, 13125, 13224, 13319, 13409, 13494, 13581, 13665, 13747, 13827, 13901, 13976, 14046, 14106, 14182, 14243, 14308]",True
"[17115, 17150, 17083, 14325, 12964, 12358, 11892, 11995, 11737, 11700, 11801, 11970, 12169, 12383, 12589, 12796, 12991, 13171, 13354, 13519, 13673, 13814, 13948, 14068, 14183, 14282, 14388, 14485, 14577, 14661, 14744, 14818, 14897, 14968, 15030, 15112, 15182, 15247, 15304, 15354, 15407, 15456, 15494, 15547, 15593, 15636, 15676]",True
"[16209, 16256, 16264, 16291, 16349, 16347, 16359, 16379, 16383, 16404, 16403, 16419, 16428, 16449, 16450, 16490, 16523, 16560, 16601, 16598, 16591, 16596, 16602, 16608, 16623, 16630, 16641, 16652, 16665, 16679, 16694, 16692, 16724, 16738, 16748, 16760, 16774, 16789, 16805, 16817, 16828, 16851, 16864, 16876, 16887, 16899, 16910]",False
"[17028, 17080, 17003, 14843, 13162, 13065, 11836, 11091, 10880, 10915, 11052, 11252, 11477, 11705, 11928, 12145, 12347, 12546, 12724, 12890, 13046, 13191, 13325, 13450, 13556, 13677, 13782, 13880, 13974, 14063, 14146, 14228, 14305, 14368, 14448, 14513, 14575, 14637, 14695, 14749, 14802, 14845, 14902, 14953, 15000, 15044, 15089]",True
"[15685, 15729, 13810, 11969, 10986, 9972, 9032, 8690, 8711, 8843, 9029, 9234, 9461, 9684, 9904, 10115, 10322, 10518, 10708, 10880, 11046, 11203, 11348, 11480, 11607, 11732, 11843, 11956, 12051, 12161, 12257, 12347, 12434, 12519, 12602, 12679, 12754, 12826, 12900, 12967, 13034, 13096, 13157, 13213, 13272, 13318, 13385]",True
"[15460, 15488, 15493, 15515, 15520, 15523, 15543, 15552, 15565, 15584, 15609, 15625, 15627, 15642, 15663, 15668, 15669, 15684, 15702, 15721, 15728, 15759, 15777, 15794, 15813, 15831, 15847, 15863, 15878, 15881, 15910, 15924, 15939, 15955, 15970, 15986, 16002, 16006, 16029, 16043, 16053, 16065, 16080, 16092, 16106, 16121, 16119]",False
"[16146, 14504, 13824, 13656, 13657, 13730, 13839, 13994, 14149, 14263, 14374, 14477, 14573, 14653, 14740, 14818, 14887, 14951, 15011, 15066, 15118, 15170, 15205, 15263, 15306, 15345, 15384, 15420, 15454, 15486, 15511, 15545, 15577, 15602, 15628, 15654, 15680, 15702, 15723, 15731, 15765, 15783, 15800, 15820, 15837, 15854, 15870]",True
"[16904,17078,16679,14918,13315,12548,12318,12330,12483,12654,12839,13026,13211,13379,13537,13681,13816,13938,14051,14143,14255,14348,14439,14521,14600,14671,14740,14803,14850,14916,14970,15020,15070,15118,15160,15203,15231,15283,15323,15357,15390,15422,15455,15485,15515,15532,15572]",True
"[14398, 14580, 14444, 14521, 14082, 14085, 13695, 12967, 12925, 13033, 13177, 13347, 13518, 13681, 13832, 13973, 14104, 14222, 14334, 14423, 14531, 14616, 14697, 14773, 14846, 14916, 14983, 15043, 15100, 15161, 15213, 15263, 15310, 15357, 15401, 15446, 15470, 15524, 15563, 15596, 15633, 15665, 15694, 15724, 15751, 15775, 15811]",True
"[16156, 16196, 16212, 16226, 16232, 16256, 16302, 16295, 16294, 16290, 16311, 16324, 16327, 16340, 16354, 16368, 16380, 16389, 16399, 16417, 16429, 16439, 16450, 16461, 16474, 16483, 16477, 16500, 16509, 16518, 16531, 16544, 16550, 16563, 16569, 16573, 16589, 16600, 16612, 16620, 16626, 16636, 16638, 16627, 16650, 16654, 16661]",False
"[18841, 18814, 17881, 16206, 15143, 14329, 13770, 13093, 13076, 13258, 13474, 13694, 13946, 14179, 14399, 14605, 14795, 14976, 15135, 15276, 15418, 15551, 15670, 15783, 15890, 15992, 16086, 16169, 16239, 16335, 16403, 16473, 16544, 16600, 16661, 16720, 16767, 16825, 16881, 16929, 16975, 17025, 17060, 17107, 17144, 17163, 17221]",True
"[17667, 17719, 17742, 17751, 17752, 17787, 17812, 17821, 17811, 17827, 17838, 17851, 17870, 17893, 17937, 17977, 17969, 17952, 17978, 17991, 17993, 18009, 18022, 18041, 18057, 18067, 18075, 18091, 18106, 18118, 18131, 18144, 18157, 18167, 18166, 18193, 18200, 18209, 18218, 18226, 18238, 18247, 18256, 18257, 18280, 18289, 18298]",False
"[18480, 18518, 18389, 18616, 18676, 19648, 20518, 17561, 16361, 16096, 16046, 16106, 16211, 16331, 16452, 16564, 16674, 16768, 16874, 16962, 17040, 17113, 17182, 17247, 17303, 17342, 17412, 17459, 17501, 17549, 17592, 17628, 17662, 17694, 17715, 17755, 17784, 17813, 17840, 17866, 17890, 17915, 17927, 17963, 17986, 18008, 18029]",True
"[18354, 18382, 18801, 19472, 19850, 19176, 16888, 15565, 15173, 15187, 15262, 15407, 15549, 15691, 15833, 15967, 16092, 16210, 16312, 16412, 16508, 16595, 16674, 16750, 16819, 16885, 16944, 16986, 17057, 17106, 17155, 17200, 17243, 17285, 17324, 17359, 17395, 17437, 17468, 17501, 17530, 17558, 17588, 17613, 17620, 17660, 17682]",True
"[17507, 17507, 16270, 15272, 13966, 13690, 13218, 11671, 11134, 11119, 11243, 11449, 11676, 11929, 12165, 12390, 12600, 12797, 12978, 13148, 13303, 13441, 13584, 13707, 13823, 13935, 14039, 14135, 14224, 14292, 14388, 14466, 14539, 14608, 14673, 14737, 14798, 14855, 14900, 14960, 15007, 15054, 15079, 15141, 15182, 15226, 15251]",True
"[15853, 15889, 16032, 17812, 19736, 20412, 19892, 15447, 13745, 13356, 13247, 13278, 13365, 13495, 13628, 13759, 13888, 14007, 14113, 14217, 14310, 14382, 14474, 14551, 14621, 14687, 14757, 10773, 8357, 7804, 7633, 7654, 7779, 7960, 8174, 8407, 8651, 8895, 9127, 9364, 9584, 9792, 9988, 10174, 10348, 10513, 10663]",True
